gene_name,b_number,protein_id,sector
aaeA,b3241,P46482,X
aaeB,b3240,P46481,X
aaeR,b3243,P67662,X
aaeX,b3242,P46478,X
aas,b2836,P31119,S'
aat,b0885,P0A8P1,X
abgA,b1338,P77357,X
abgB,b1337,P76052,X
abgR,b1339,P77744,X
abgT,b1336,P46133,X
abpA,b2628,P52137,X
abpB,b2627,P52126,X
abrB,b0715,P75747,X
accA,b0185,P0ABD5,R
accB,b3255,P0ABD8,C
accC,b3256,P24182,U
accD,b2316,P0A9Q5,R
aceA,b4015,P0A9G6,S
aceB,b4014,P08997,S
aceE,b0114,P0AFG8,A'
aceF,b0115,P06959,A
aceK,b4016,P11071,X
ackA,b2296,P0A6A3,A'
acnA,b1276,P25516,S
acnB,b0118,P36683,C
acpH,b0404,P21515,X
acpP,b1094,P0A6A8,S'
acpS,b2563,P24224,A'
acpT,b3475,P37623,C
acrA,b0463,P0AE06,S
acrB,b0462,P31224,S
acrD,b2470,P24177,X
acrE,b3265,P24180,X
acrF,b3266,P24181,S'
acrR,b0464,P0ACS9,U
acrZ,b0762,P0AAW9,X
acs,b4069,P27550,C
actP,b4067,P32705,S
ada,b2213,P06134,X
add,b1623,P22333,S
adeD,b3665,P31441,C'
adeP,b3714,P31466,R
adeQ,b3664,P31440,X
adhE,b1241,P0A9Q7,A
adhP,b1478,P39451,X
adiA,b4117,P28629,X
adiC,b4115,P60061,X
adiY,b4116,P33234,X
adk,b0474,P69441,A
aegA,b2468,P37127,X
aer,b3072,P50466,X
aes,b0476,P23872,X
afuB,b0263,P75681,X
afuC,b0262,P37009,X
agaA,b3135,P42906,X
agaB,b3138,P42909,X
agaC,b3139,P42910,X
agaD,b3140,P42911,X
agaI,b3141,P42912,X
agaR,b3131,P0ACK2,S'
agaS,b3136,P42907,X
agaV,b3133,P42904,X
agaW,b3134,P42905,X
agp,b1002,P19926,S
ahpC,b0605,P0AE08,S
ahpF,b0606,P35340,A'
ahr,b4269,P27250,S
aidB,b4187,P33224,X
ais,b2252,P45565,X
alaA,b2290,P0A959,S
alaC,b2379,P77434,S'
alaE,b2670,P64550,X
alaS,b2697,P00957,R
aldA,b1415,P25553,C
aldB,b3588,P37685,X
alkA,b2068,P04395,X
alkB,b2212,P05050,A
allA,b0505,P77731,X
allB,b0512,P77671,X
allC,b0516,P77425,X
allD,b0517,P77555,X
allE,b0515,P75713,X
allR,b0506,P0ACN4,A'
allS,b0504,P0ACR0,X
alpA,b2624,P33997,X
alr,b4053,P0A6B4,R
alsA,b4087,P32721,X
alsB,b4088,P39265,S
alsC,b4086,P32720,X
alsE,b4085,P32719,X
alsK,b4084,P32718,X
alx,b3088,P42601,X
amiA,b2435,P36548,R
amiB,b4169,P26365,A'
amiC,b2817,P63883,S'
amiD,b0867,P75820,S'
amn,b1982,P0AE12,S
ampC,b4150,P00811,U
ampD,b0110,P13016,X
ampE,b0111,P0AE14,S
ampG,b0433,P0AE16,X
ampH,b0376,P0AD70,U
amtB,b0451,P69681,X
amyA,b1927,P26612,S
anmK,b1640,P77570,S
ansA,b1767,P0A962,R
ansB,b2957,P00805,X
ansP,b1453,P77610,X
apaG,b0050,P62672,S
apaH,b0049,P05637,S
aphA,b4055,P0AE22,S
appA,b0980,P07102,R
appB,b0979,P26458,X
appC,b0978,P26459,X
appX,b4592,P24244,X
appY,b0564,P05052,X
apt,b0469,P69503,R
aqpZ,b0875,P60844,X
araA,b0062,P08202,X
araB,b0063,P08204,X
araC,b0064,P0A9E0,X
araD,b0061,P08203,X
araE,b2841,P0AE24,X
araF,b1901,P02924,X
araG,b1900,P0AAF3,S
araH,b4460,P0AE26,X
araJ,b0396,P23910,X
arcA,b4401,P0A9Q1,S'
arcB,b3210,P0AEC3,S'
arfA,b4550,P36675,X
arfB,b0191,P40711,X
argA,b2818,P0A6C5,A
argB,b3959,P0A6C8,A
argC,b3958,P11446,A
argD,b3359,P18335,A
argE,b3957,P23908,A
argF,b0273,P06960,S
argG,b3172,P0A6E4,A
argH,b3960,P11447,A
argI,b4254,P04391,S
argK,b2918,P27254,X
argO,b2923,P11667,X
argP,b2916,P0A8S1,A
argR,b3237,P0A6D0,C
argS,b1876,P11875,R
argT,b2310,P09551,S
ariR,b1166,P75993,X
arnA,b2255,P77398,S
arnB,b2253,P77690,S
arnC,b2254,P77757,X
arnD,b2256,P76472,X
arnE,b4544,Q47377,X
arnF,b2258,P76474,X
arnT,b2257,P76473,X
aroA,b0908,P0A6D3,A
aroB,b3389,P07639,S'
aroC,b2329,P12008,S
aroD,b1693,P05194,S
aroE,b3281,P15770,A'
aroF,b2601,P00888,U
aroG,b0754,P0AB91,U
aroH,b1704,P00887,R
aroK,b3390,P0A6D7,R
aroL,b0388,P0A6E1,R
aroM,b0390,P0AE28,X
aroP,b0112,P15993,C'
arpA,b4017,P23325,X
arpB_1,b1720,P76205,X
arpB_2,b1721,,X
arsB,b3502,P0AB93,X
arsC,b3503,P0AB96,X
arsR,b3501,P37309,X
artI,b0863,P30859,S'
artJ,b0860,P30860,A
artM,b0861,P0AE30,X
artP,b0864,P0AAF6,R
artQ,b0862,P0AE34,X
ascB,b2716,P24240,X
ascF,b2715,P24241,X
ascG,b2714,P24242,X
asd,b3433,P0A9Q9,A
aslA,b3801,P25549,X
aslB,b3800,P25550,X
asmA,b2064,P28249,S'
asnA,b3744,P00963,A
asnB,b0674,P22106,A
asnC,b3743,P0ACI6,X
asnS,b0930,P0A8M0,U
aspA,b4139,P0AC38,C
aspC,b0928,P00509,A
aspS,b1866,P21889,R
asr,b1597,P36560,X
astA,b1747,P0AE37,X
astB,b1745,P76216,X
astC,b1748,P77581,X
astD,b1746,P76217,X
astE,b1744,P76215,X
atl,b0454,P0AFP2,X
atoA,b2222,P76459,X
atoB,b2224,P76461,X
atoC,b2220,Q06065,X
atoD,b2221,P76458,X
atoE,b2223,P76460,X
atoS,b2219,Q06067,X
atpA,b3734,P0ABB0,S
atpB,b3738,P0AB98,X
atpC,b3731,P0A6E6,C
atpD,b3732,P0ABB4,C
atpE,b3737,P68699,S'
atpF,b3736,P0ABA0,C
atpG,b3733,P0ABA6,C
atpH,b3735,P0ABA4,S
atpI,b3739,P0ABC0,X
avtA,b3572,P09053,A'
azoR,b1412,P41407,A
azuC,b4663,C1P605,X
bacA,b3057,P60932,A'
baeR,b2079,P69228,S'
baeS,b2078,P30847,X
bamA,b0177,P0A940,C'
bamB,b2512,P77774,S
bamC,b2477,P0A903,S
bamD,b2595,P0AC02,C
bamE,b2617,P0A937,S'
barA,b2786,P0AEC5,C'
basR,b4113,P30843,S'
basS,b4112,P30844,X
bax,b3570,P27297,X
bcp,b2480,P0AE52,A
bcr,b2182,P28246,X
bcsA,b3533,P37653,X
bcsB,b3532,P37652,S
bcsC,b3530,P37650,S
bcsE,b3536,P37657,X
bcsF,b3537,P0ADJ5,X
bcsG,b3538,P37659,S'
bcsQ,b3534,P37655,X
bcsZ,b3531,P37651,X
bdcA,b4249,P39333,X
bdcR,b4251,P39334,A'
bdm,b1481,P76127,X
bepA,b2494,P66948,S
betA,b0311,P17444,X
betB,b0312,P17445,A'
betI,b0313,P17446,X
betT,b0314,P0ABC9,X
bfd,b3337,P0AE56,X
bfr,b3336,P0ABD3,S
bglA,b2901,Q46829,A
bglB,b3721,P11988,X
bglF,b3722,P08722,X
bglG,b3723,P11989,X
bglH,b3720,P26218,X
bglJ,b4366,P39404,X
bglX,b2132,P33363,C'
bhsA,b1112,P0AB40,X
bioA,b0774,P12995,A'
bioB,b0775,P12996,U
bioC,b0777,P12999,X
bioD,b0778,P13000,S
bioF,b0776,P12998,R
bioH,b3412,P13001,S'
bipA,b3871,P32132,R
birA,b3973,P06709,S'
bisC,b3551,P20099,S
blc,b4149,P0A901,X
blr,b4409,P56976,X
bluF,b1163,P75990,X
bluR,b1162,P75989,X
bolA,b0435,P0ABE2,S'
borD,b0557,P77330,R
brnQ,b0401,P0AD99,X
bsmA,b4189,P39297,S
bssR,b0836,P0AAY1,X
bssS,b1060,P0AB33,X
btuB,b3966,P06129,S
btuC,b1711,P06609,X
btuD,b1709,P06611,X
btuE,b1710,P06610,S
btuF,b0158,P37028,X
btuR,b1270,P0A9H5,S'
cadA,b4131,P0A9H3,X
cadB,b4132,P0AAE8,X
cadC,b4133,P23890,X
caiA,b0039,P60584,X
caiB,b0038,P31572,X
caiC,b0037,P31552,X
caiD,b0036,P31551,X
caiE,b0035,P39206,X
caiF,b0034,P0AE58,X
caiT,b0040,P31553,X
can,b0126,P61517,A
carA,b0032,P0A6F1,A
carB,b0033,P00968,A
cas1,b2755,Q46896,X
cas2,b2754,P45956,X
cas3,b2761,P38036,X
casA,b2760,Q46901,X
casB,b2759,P76632,X
casC,b2758,Q46899,X
casD,b2757,Q46898,X
casE,b2756,Q46897,X
cbeA,b2004,P76364,X
cbl,b1987,Q47083,X
cbpA,b1000,P36659,X
cbpM,b0999,P63264,X
cbrA,b3690,P31456,X
cbrB,b3716,P31468,X
cbrC,b3717,P31469,X
cbtA,b2005,P64524,X
cca,b3056,P06961,S'
ccmA,b2201,P33931,X
ccmB,b2200,P0ABL8,X
ccmC,b2199,P0ABM1,X
ccmD,b2198,P0ABM5,X
ccmE,b2197,P69490,X
ccmF,b2196,P33927,X
ccmG,b2195,P0AA86,X
ccmH,b2194,P0ABM9,X
cdaR,b0162,P37047,X
cdd,b2143,P0ABF6,S'
cdgI,b1785,P76236,X
cdh,b3918,P06282,R
cdsA,b0175,P0ABG1,C'
cedA,b1731,P0AE60,A'
cfa,b1661,P0A9H7,S
chaA,b1216,P31801,X
chaB,b1217,P0AE63,X
chaC,b1218,P39163,X
chbA,b1736,P69791,X
chbB,b1738,P69795,S
chbC,b1737,P17334,X
chbF,b1734,P17411,X
chbG,b1733,P37794,X
chbR,b1735,P17410,X
cheA,b1888,P07363,C
cheB,b1883,P07330,C
cheR,b1884,P07364,X
cheW,b1887,P0A964,C
cheY,b1882,P0AE67,C
cheZ,b1881,P0A9H9,C
chiA,b3338,P13656,X
chiP,b0681,P75733,X
cho,b1741,P76213,X
chpB,b4225,P33647,X
chpS,b4224,P08365,X
cirA,b2155,P17315,U
citC,b0618,P77390,X
citD,b0617,P69330,X
citE,b0616,P0A9I1,X
citF,b0615,P75726,X
citG,b0613,P77231,X
citT,b0612,P0AE74,X
citX,b0614,P0A6G5,X
clcA,b0155,P37019,X
clcB,b1592,P76175,S
clpA,b0882,P0ABH9,S'
clpB,b2592,P63284,S'
clpP,b0437,P0A6G7,S'
clpS,b0881,P0A8Q6,X
clpX,b0438,P0A6H1,R
clsA,b1249,P0A6H8,X
clsB,b0789,P0AA84,X
clsC,b1046,P75919,X
cmk,b0910,P0A6I0,S'
cmoA,b1870,P76290,R
cmoB,b1871,P76291,R
cmoM,b0921,P36566,S'
cmtA,b2933,P69826,X
cmtB,b2934,P69824,X
cnu,b1625,P64467,R
coaA,b3974,P0A6I3,S
coaD,b3634,P0A6I6,A'
coaE,b0103,P0A6I9,S'
cobB,b1120,P75960,S
cobC,b0638,P52086,X
cobS,b1992,P36561,S'
cobT,b1991,P36562,S'
cobU,b1993,P0AE76,X
codA,b0337,P25524,U
codB,b0336,P0AA82,U
cof,b0446,P46891,X
comR,b1111,P75952,C
copA,b0484,Q59385,S'
corA,b3816,P0ABI4,S'
cpdA,b3032,P0AEW4,S'
cpdB,b4213,P08331,S
cpoB,b0742,P45955,A'
cpsB,b2049,P24174,X
cpsG,b2048,P24175,X
cptA,b2896,Q46824,X
cpxA,b3911,P0AE82,S'
cpxP,b4484,P0AE85,S
cpxR,b3912,P0AE88,S'
cra,b0080,P0ACP1,S'
crcB,b0624,P37002,X
creA,b4397,P0AE91,S'
creB,b4398,P08368,X
creC,b4399,P08401,X
creD,b4400,P08369,X
crfC,b4109,P0DM85,X
crl,b0240,P24251,A
crp,b3357,P0ACJ8,S
crr,b2417,P69783,A'
csdA,b2810,Q46925,A'
csdE,b2811,P0AGF2,A'
csgA,b1042,P28307,X
csgB,b1041,P0ABK7,X
csgC,b1043,P52107,X
csgD,b1040,P52106,X
csgE,b1039,P0AE95,X
csgF,b1038,P0AE98,X
csgG,b1037,P0AEA2,X
csiD,b2659,P76621,X
csiE,b2535,P54901,X
csiR,b2664,P37338,X
cspA,b3556,P0A9X9,R
cspB,b1557,P36995,X
cspC,b1823,P0A9Y6,R
cspD,b0880,P0A968,C
cspE,b0623,P0A972,C'
cspF,b1558,P0A976,X
cspG,b0990,P0A978,R
cspH,b0989,P0A982,X
cspI,b1552,P0A986,X
csrA,b2696,P69913,X
csrD,b3252,P13518,X
cstA,b0598,P15078,C
cueO,b0123,P36649,A
cueR,b0487,P0A9G4,C
curA,b1449,P76113,S
cusA,b0575,P38054,A'
cusB,b0574,P77239,A'
cusC,b0572,P77211,A'
cusF,b0573,P77214,R
cusR,b0571,P0ACZ8,S'
cusS,b0570,P77485,S'
cutA,b4137,P69488,X
cutC,b1874,P67826,S'
cvpA,b2313,P08550,X
cvrA,b1191,P76007,C
cyaA,b3806,P00936,A'
cyaY,b3807,P27838,S'
cybB,b1418,P0ABE5,X
cycA,b4208,P0AAE0,S
cydA,b0733,P0ABJ9,S
cydB,b0734,P0ABK2,S
cydC,b0886,P23886,S
cydD,b0887,P29018,U
cydX,b4515,P56100,X
cynR,b0338,P27111,X
cynS,b0340,P00816,X
cynT,b0339,P0ABE9,X
cynX,b0341,P17583,X
cyoA,b0432,P0ABJ1,R
cyoB,b0431,P0ABI8,A
cyoC,b0430,P0ABJ3,X
cyoD,b0429,P0ABJ6,X
cyoE,b0428,P0AEA5,X
cysA,b2422,P16676,U
cysB,b1275,P0A9F3,C'
cysC,b2750,P0A6J1,U
cysD,b2752,P21156,U
cysE,b3607,P0A9D4,S
cysG,b3368,P0AEA8,A
cysH,b2762,P17854,U
cysI,b2763,P17846,U
cysJ,b2764,P38038,U
cysK,b2414,P0ABK5,A'
cysM,b2421,P16703,R
cysN,b2751,P23845,U
cysP,b2425,P16700,R
cysQ,b4214,P22255,S'
cysS,b0526,P21888,U
cysU,b2424,P16701,R
cysW,b2423,P0AEB0,X
cysZ,b2413,P0A6J3,X
cytR,b3934,P0ACN7,C'
dacA,b0632,P0AEB2,R
dacB,b3182,P24228,A
dacC,b0839,P08506,S'
dacD,b2010,P33013,R
dadA,b1189,P0A6J5,C'
dadX,b1190,P29012,S'
dam,b3387,P0AEE8,A'
damX,b3388,P11557,S'
dapA,b2478,P0A6L2,A
dapB,b0031,P04036,A
dapD,b0166,P0A9D8,A
dapE,b2472,P0AED7,R
dapF,b3809,P0A6K1,S'
dauA,b1206,P0AFR2,X
dbpA,b1343,P21693,X
dcd,b2065,P28248,S
dcm,b1961,P0AED9,X
dcp,b1538,P24171,S
dcrB,b3472,P0AEE1,S'
dctA,b3528,P0A830,X
dctR,b3507,P37195,X
dcuA,b4138,P0ABN5,S'
dcuB,b4123,P0ABN9,X
dcuC,b0621,P0ABP3,X
dcuD,b3227,P45428,X
dcuR,b4124,P0AD01,X
dcuS,b4125,P0AEC8,X
dcyD,b1919,P76316,S
ddlA,b0381,P0A6J8,A'
ddlB,b0092,P07862,S'
ddpA,b1487,P76128,S
ddpB,b1486,P77308,X
ddpC,b1485,P77463,X
ddpD,b1484,P77268,X
ddpF,b1483,P77622,X
ddpX,b1488,P77790,X
deaD,b3162,P0A9P6,R
dedA,b2317,P0ABP6,X
dedD,b2314,P09549,S'
def,b3287,P0A6K3,R
degP,b0161,P0C0V0,S
degQ,b3234,P39099,S
degS,b3235,P0AEE3,A'
deoA,b4382,P07650,S
deoB,b4383,P0A6K6,S'
deoC,b4381,P0A6L0,S
deoD,b4384,P0ABP8,C
deoR,b0840,P0ACK5,X
der,b2511,P0A6P5,A'
dfp,b3639,P0ABQ0,S
dgcC,b0385,P0AAP1,X
dgcE,b2067,P38097,X
dgcF,b1522,P76147,X
dgcI,b0834,P75801,X
dgcJ,b1786,P76237,X
dgcM,b1341,P77302,X
dgcN,b2604,P46139,X
dgcP,b1794,P76245,X
dgcQ,b1956,P76330,X
dgcT,b1025,P75908,X
dgcZ,b1535,P31129,X
dgkA,b4042,P0ABN1,U
dgoA,b4477,Q6BF16,X
dgoD,b4478,Q6BF17,X
dgoK,b3693,P31459,X
dgoR,b4479,P31460,S
dgoT,b3691,P0AA76,X
dgt,b0160,P15723,X
dhaK,b1200,P76015,S
dhaL,b1199,P76014,X
dhaM,b1198,P37349,A'
dhaR,b1201,P76016,X
diaA,b3149,P66817,S'
dicA,b1570,P06966,S'
dicB,b1575,P09557,X
dicC,b1569,P06965,X
dinB,b0231,Q47155,X
dinD,b3645,P23840,X
dinF,b4044,P28303,X
dinG,b0799,P27296,X
dinI,b1061,P0ABR1,U
dinJ,b0226,Q47150,S'
dinQ,b4613,A5A624,X
djlA,b0055,P31680,S'
djlB,b0646,P77381,X
djlC,b0649,P77359,X
dkgA,b3012,Q46857,S
dkgB,b0207,P30863,U
dksA,b0145,P0ABS1,R
dld,b2133,P06149,S
dmlA,b1800,P76251,X
dmlR,b1799,P76250,X
dmsA,b0894,P18775,X
dmsB,b0895,P18776,X
dmsC,b0896,P18777,X
dmsD,b1591,P69853,C'
dnaA,b3702,P03004,R
dnaB,b4052,P0ACB0,A'
dnaC,b4361,P0AEF0,S'
dnaE,b0184,P10443,X
dnaG,b3066,P0ABS5,C'
dnaJ,b0015,P08622,R
dnaK,b0014,P0A6Y8,R
dnaN,b3701,P0A988,S'
dnaQ,b0215,P03007,X
dnaT,b4362,P0A8J2,A'
dnaX,b0470,P06710,S'
dosC,b1490,P0AA89,X
dosP,b1489,P76129,X
dpiA,b0620,P0AEF4,X
dpiB,b0619,P77510,X
dppA,b3544,P23847,C'
dppB,b3543,P0AEF8,C'
dppC,b3542,P0AEG1,C'
dppD,b3541,P0AAG0,C'
dppF,b3540,P37313,C
dps,b0812,P0ABT2,S
dsbA,b3860,P0AEG4,U
dsbB,b1185,P0A6M2,R
dsbC,b2893,P0AEG6,R
dsbD,b4136,P36655,A
dsbG,b0604,P77202,R
dsdA,b2366,P00926,S
dsdC,b2364,P46068,X
dsdX,b2365,P08555,X
dsrB,b1952,P0AEG8,X
dtd,b3887,P0A6M4,S'
dtpA,b1634,P77304,X
dtpB,b3496,P36837,X
dtpC,b4130,P39276,X
dtpD,b0709,P75742,X
dusA,b4049,P32695,A'
dusB,b3260,P0ABT5,R
dusC,b2140,P33371,X
dut,b3640,P06968,A'
dxr,b0173,P45568,A'
dxs,b0420,P77488,C'
eaeH,b0297,P36943,X
eamA,b1533,P31125,X
eamB,b2578,P38101,X
ebgA,b3076,P06864,X
ebgC,b3077,P0AC73,X
ebgR,b3075,P06846,S'
ecnA,b4410,P0ADB4,X
ecnB,b4411,P0ADB7,S
eco,b2209,P23827,S'
ecpA,b0293,P0AAA3,X
ecpB,b0292,P77188,X
ecpC,b0291,P77802,X
ecpD,b0290,P77694,X
ecpE,b0289,P77263,X
ecpR,b0294,P71301,X
eda,b1850,P0A955,A
edd,b1851,P0ADF6,U
efeB,b1019,P31545,R
efeO,b1018,P0AB24,U
efeU_1,b1016,,X
efp,b4147,P0A6N4,R
elaA,b2267,P0AEH3,S
elaB,b2266,P0AEH5,S
elaD,b2269,Q47013,X
elbB,b3209,P0ABU5,S'
elfA,b0938,P75855,X
elfC,b0940,P75857,X
elfD,b0939,P75856,X
elfG,b0941,P75858,X
elyC,b0920,P0AB01,C'
emrA,b2685,P27303,S
emrB,b2686,P0AEJ0,X
emrD,b3673,P31442,X
emrE,b0543,P23895,X
emrK,b2368,P52599,X
emrY,b2367,P52600,X
emtA,b1193,P0C960,A'
endA,b2945,P25736,X
eno,b2779,P0A6P9,A
entA,b0596,P15047,U
entB,b0595,P0ADI4,U
entC,b0593,P0AEJ2,X
entD,b0583,P19925,X
entE,b0594,P10378,U
entF,b0586,P11454,U
entH,b0597,P0A8Y8,X
entS,b0591,P24077,X
envC,b3613,P37690,S'
envR,b3264,P0ACT2,X
envY,b0566,P10805,X
envZ,b3404,P0AEJ4,X
epd,b2927,P0A9B6,U
epmA,b4155,P0A8N7,U
epmB,b4146,P39280,R
epmC,b2326,P76938,X
eptA,b4114,P30845,X
eptB,b3546,P37661,X
eptC,b3955,P0CB39,R
era,b2566,P06616,R
erpA,b0156,P0ACC3,R
essD,b0554,P0A9R2,X
essQ,b1556,P77237,X
etk,b0981,P38134,X
etp,b0982,P0ACZ2,X
ettA,b4391,P0A9W3,U
eutA,b2451,P76551,X
eutB,b2441,P0AEJ6,S
eutC,b2440,P19636,S
eutD,b2458,P77218,X
eutE,b2455,P77445,X
eutG,b2453,P76553,X
eutH,b2452,P76552,X
eutJ,b2454,P77277,X
eutK,b2438,P76540,X
eutL,b2439,P76541,S
eutM,b2457,P0ABF4,X
eutN,b2456,P0AEJ8,X
eutP,b2461,P76556,X
eutQ,b2460,P76555,X
eutR,b2437,P36547,X
eutS,b2462,P63746,X
eutT,b2459,P65643,X
evgA,b2369,P0ACZ4,X
evgS,b2370,P30855,X
exbB,b3006,P0ABU7,U
exbD,b3005,P0ABV2,U
exoX,b1844,P0AEK0,X
exuR,b3094,P0ACL2,C'
exuT,b3093,P0AA78,X
fabA,b0954,P0A6Q3,A'
fabB,b2323,P0A953,S'
fabD,b1092,P0AAI9,A'
fabF,b1095,P0AAI5,R
fabG,b1093,P0AEK2,A'
fabH,b1091,P0A6R0,A'
fabI,b1288,P0AEK4,U
fabR,b3963,P0ACU5,S'
fabZ,b0180,P0A6Q6,R
fadA,b3845,P21151,S
fadB,b3846,P21177,S
fadD,b1805,P69451,S
fadE,b0221,Q47146,S
fadH,b3081,P42593,X
fadI,b2342,P76503,S
fadJ,b2341,P77399,X
fadK,b1701,P38135,X
fadL,b2344,P10384,C'
fadM,b0443,P77712,X
fadR,b1187,P0A8V6,C'
fau,b2912,P0AC28,X
fbaA,b2925,P0AB71,A
fbaB,b2097,P0A991,S
fbp,b4232,P0A993,C
fcl,b2052,P32055,X
fdhD,b3895,P32177,A'
fdhE,b3891,P13024,S
fdhF,b4079,P07658,X
fdnG,b1474,P24183,X
fdnH,b1475,P0AAJ3,X
fdnI,b1476,P0AEK7,X
fdoG,b3894,P32176,X
fdoH,b3893,P0AAJ5,X
fdoI,b3892,P0AEL0,X
fdrA,b0518,Q47208,X
fdx,b2525,P0A9R4,A'
feaB,b1385,P80668,X
feaR,b1384,Q47129,X
fecA,b4291,P13036,X
fecB,b4290,P15028,X
fecC,b4289,P15030,X
fecD,b4288,P15029,X
fecE,b4287,P15031,X
fecI,b4293,P23484,X
fecR,b4292,P23485,X
feoA,b3408,P0AEL3,X
feoB,b3409,P33650,R
feoC,b3410,P64638,X
fepA,b0584,P05825,U
fepB,b0592,P0AEL6,C
fepC,b0588,P23878,X
fepD,b0590,P23876,X
fepE,b0587,P26266,X
fepG,b0589,P23877,X
fes,b0585,P13039,X
fetA,b0490,P77279,S
fetB,b0491,P77307,X
ffh,b2610,P0AGD7,A'
fhlA,b2731,P19323,X
fhuA,b0150,P06971,C
fhuB,b0153,P06972,X
fhuC,b0151,P07821,X
fhuD,b0152,P07822,X
fhuE,b1102,P16869,X
fhuF,b4367,P39405,X
fic,b3361,P20605,S
fieF,b3915,P69380,X
fimA,b4314,P04128,X
fimB,b4312,P0ADH5,X
fimC,b4316,P31697,X
fimD,b4317,P30130,X
fimE,b4313,P0ADH7,X
fimF,b4318,P08189,X
fimG,b4319,P08190,X
fimH,b4320,P08191,X
fimI,b4315,P39264,X
fimZ,b0535,P0AEL8,X
fis,b3261,P0A6R3,R
fiu,b0805,P75780,U
fixA,b0041,P60566,X
fixB,b0042,P31574,X
fixC,b0043,P68644,X
fixX,b0044,P68646,X
fklB,b4207,P0A9L3,U
fkpA,b3347,P45523,C
fkpB,b0028,P0AEM0,R
fldA,b0684,P61949,R
fldB,b2895,P0ABY4,A'
flgA,b1072,P75933,X
flgB,b1073,P0ABW9,X
flgC,b1074,P0ABX2,X
flgD,b1075,P75936,X
flgE,b1076,P75937,C
flgF,b1077,P75938,X
flgG,b1078,P0ABX5,C
flgH,b1079,P0A6S0,C
flgI,b1080,P0A6S3,U
flgJ,b1081,P75942,X
flgK,b1082,P33235,C
flgL,b1083,P29744,C
flgM,b1071,P0AEM4,C
flgN,b1070,P43533,C
flhA,b1879,P76298,X
flhB,b1880,P76299,X
flhC,b1891,P0ABY7,X
flhD,b1892,P0A8S9,X
flhE,b1878,P76297,X
fliA,b1922,P0AEM6,C
fliC,b1923,P04949,C
fliD,b1924,P24216,U
fliE,b1937,P0A8T5,X
fliF,b1938,P25798,C
fliG,b1939,P0ABZ1,C
fliH,b1940,P31068,X
fliI,b1941,P52612,C
fliJ,b1942,P52613,X
fliK,b1943,P52614,X
fliL,b1944,P0ABX8,C
fliM,b1945,P06974,C
fliN,b1946,P15070,C
fliO,b1947,P22586,X
fliP,b1948,P0AC05,C
fliQ,b1949,P0AC07,X
fliR,b1950,P33135,X
fliS,b1925,P26608,X
fliT,b1926,P0ABY2,X
fliZ,b1921,P52627,C
flk,b2321,P15286,A'
flu,b2000,P39180,S
flxA,b1566,P77609,X
fmt,b3288,P23882,R
fnr,b1334,P0A9E5,R
focA,b0904,P0AC23,X
focB,b2492,P77733,X
folA,b0048,P0ABQ4,C'
folB,b3058,P0AC16,A'
folC,b2315,P08192,A
folD,b0529,P24186,U
folE,b2153,P0A6T5,U
folK,b0142,P26281,C'
folM,b1606,P0AFS3,S
folP,b3177,P0AC13,U
folX,b2303,P0AC19,A'
fpr,b3924,P28861,S
frc,b2374,P69902,X
frdA,b4154,P00363,S'
frdB,b4153,P0AC47,S
frdC,b4152,P0A8Q0,X
frdD,b4151,P0A8Q3,X
fre,b3844,P0AEN1,S
frlA,b3370,P45539,X
frlB,b3371,P0AC00,X
frlC,b4474,P45541,X
frlD,b3374,P45543,X
frlR,b3375,P45544,C'
frmA,b0356,P25437,R
frmB,b0355,P51025,U
frmR,b0357,P0AAP3,C'
frr,b0172,P0A805,R
frsA,b0239,P04335,S'
fruA,b2167,P20966,S'
fruB,b2169,P69811,S'
fruK,b2168,P0AEW9,S'
frvA,b3900,P32155,X
frvB,b3899,P32154,X
frvR,b3897,P32152,X
frvX,b3898,P32153,X
frwB,b3950,P69816,X
frwC,b3949,P32672,X
frwD,b3953,P32676,X
fryA,b2383,P77439,X
fryB,b2387,P69808,X
fryC,b2386,P77579,X
fsaA,b0825,P78055,X
fsaB,b3946,P32669,X
fsr,b0479,P52067,X
ftnA,b1905,P0A998,R
ftnB,b1902,P0A9A2,S'
ftp,b2214,P0AB85,X
ftsA,b0094,P0ABH0,S'
ftsB,b2748,P0A6S5,A'
ftsE,b3463,P0A9R7,A'
ftsH,b3178,P0AAI3,A'
ftsI,b0084,P0AD68,S'
ftsK,b0890,P46889,A
ftsL,b0083,P0AEN4,S'
ftsN,b3933,P29131,A'
ftsP,b3017,P26648,S'
ftsQ,b0093,P06136,S'
ftsW,b0089,P0ABG4,X
ftsX,b3462,P0AC30,A'
ftsY,b3464,P10121,A'
ftsZ,b0095,P0A9A6,S'
fucA,b2800,P0AB87,X
fucI,b2802,P69922,X
fucK,b2803,P11553,X
fucO,b2799,P0A9S1,X
fucP,b2801,P11551,X
fucR,b2805,P0ACK8,C
fucU,b2804,P0AEN8,S
fumA,b1612,P0AC33,C
fumB,b4122,P14407,C
fumC,b1611,P05042,S
fur,b0683,P0A9A9,S'
fusA,b3340,P0A6M8,R
fxsA,b4140,P37147,C
gabD,b2661,P25526,S
gabP,b2663,P25527,X
gabT,b2662,P22256,S
gadA,b3517,P69908,X
gadB,b1493,P69910,S
gadC,b1492,P63235,X
gadE,b3512,P63204,X
gadW,b3515,P63201,X
gadX,b3516,P37639,X
galE,b0759,P09147,C
galF,b2042,P0AAB6,X
galK,b0757,P0A6T3,C
galM,b0756,P0A9C3,S
galP,b2943,P0AEP1,X
galR,b2837,P03024,X
galS,b2151,P25748,X
galT,b0758,P09148,C
galU,b1236,P0AEP3,A
gapA,b1779,P0A9B2,A
gapC_1,b1417,P33898,A
gapC_2,b1416,,X
garD,b3128,P39829,X
garK,b3124,P23524,X
garL,b3126,P23522,X
garP,b3127,P0AA80,X
garR,b3125,P0ABQ2,X
gatA,b2094,P69828,X
gatB,b2093,P37188,X
gatC,b2092,P69831,X
gatD,b2091,P0A9S3,X
gatR_1,b2087,P36930,S'
gatR_2,b2090,,X
gatY,b2096,P0C8J6,S'
gatZ,b2095,P0C8J8,X
gcd,b0124,P15877,A'
gcl,b0507,P0AEP7,X
gcvA,b2808,P0A9F6,S'
gcvH,b2904,P0A6T9,R
gcvP,b2903,P33195,U
gcvR,b2479,P0A9I3,S
gcvT,b2905,P27248,R
gdhA,b1761,P00370,U
gfcA,b0987,P75885,X
gfcB,b0986,P75884,X
gfcC,b0985,P75883,X
gfcD,b0984,P75882,X
gfcE,b0983,P0A932,X
ggt,b3447,P18956,X
ghoS,b4128,P0AF61,X
ghoT,b4559,P64646,X
ghrA,b1033,P75913,S'
ghrB,b3553,P37666,S
ghxP,b4064,P0AF52,R
ghxQ,b4464,Q46817,R
glcA,b2975,Q46839,X
glcB,b2976,P37330,S
glcC,b2980,P0ACL5,X
glcD,b2979,P0AEP9,X
glcE,b4468,P52073,X
glcF,b4467,P52074,X
glcG,b2977,P0AEQ1,S
gldA,b3945,P0A9S5,S
glf,b2036,P37747,X
glgA,b3429,P0A6U8,S
glgB,b3432,P07762,S
glgC,b3430,P0A6V1,S
glgP,b3428,P0AC86,S
glgS,b3049,P26649,X
glgX,b3431,P15067,S
glk,b2388,P0A6V8,S
glmM,b3176,P31120,A
glmS,b3729,P17169,U
glmU,b3730,P0ACC7,U
glnA,b3870,P0A9C5,U
glnB,b2553,P0A9Z1,A
glnD,b0167,P27249,S
glnE,b3053,P30870,S
glnG,b3868,P0AFB8,A
glnH,b0811,P0AEQ3,C'
glnK,b0450,P0AC55,U
glnL,b3869,P0AFB5,A
glnP,b0810,P0AEQ6,C'
glnQ,b0809,P10346,C'
glnS,b0680,P00962,U
gloA,b1651,P0AC81,A'
gloB,b0212,P0AC84,S
gloC,b0927,P75849,S'
glpA,b2241,P0A9C0,X
glpB,b2242,P13033,X
glpC,b2243,P0A996,X
glpD,b3426,P13035,X
glpE,b3425,P0A6V5,X
glpF,b3927,P0AER0,X
glpG,b3424,P09391,X
glpK,b3926,P0A6F3,S
glpQ,b2239,P09394,X
glpR,b3423,P0ACL0,X
glpT,b2240,P08194,X
glpX,b3925,P0A9C9,U
glrK,b2556,P52101,X
glrR,b2554,P0AFU4,A'
gltA,b0720,P0ABH7,S
gltB,b3212,P09831,U
gltD,b3213,P09832,U
gltF,b3214,P28721,X
gltI,b0655,P37902,S
gltJ,b0654,P0AER3,C
gltK,b0653,P0AER5,C
gltL,b0652,P0AAG3,S
gltP,b4077,P21345,X
gltS,b3653,P0AER8,X
gltX,b2400,P04805,A'
gluQ,b0144,P27305,C'
glvB,b3682,P69789,X
glvC,b3683,P31452,X
glvG,b3681,P31450,X
glxK,b0514,P77364,X
glxR,b0509,P77161,X
glyA,b2551,P0A825,A
glyQ,b3560,P00960,R
glyS,b3559,P00961,U
gmd,b2053,P0AC88,X
gmhB,b0200,P63228,S
gmk,b3648,P60546,R
gmm,b2051,P32056,X
gnd,b2029,P00350,A
gnsA,b4517,P0AC92,A'
gnsB,b1550,P77695,S
gntK,b3437,P46859,X
gntP,b4321,P0AC94,X
gntR,b3438,P0ACP5,S
gntT,b3415,P39835,C
gntU,b4476,P0AC96,X
gntX,b3413,P46846,X
gor,b3500,P06715,S
gph,b3385,P32662,A'
gpmA,b0755,P62707,A
gpmM,b3612,P37689,A'
gpp,b3779,P25552,S'
gpsA,b3608,P0A6S7,S
gpt,b0238,P0A9M5,R
grcA,b2579,P68066,S
greA,b3181,P0A6W5,C'
greB,b3406,P30128,S'
groL,b4143,P0A6F5,C
groS,b4142,P0A6F9,C
grpE,b2614,P09372,R
grxA,b0849,P68688,A'
grxB,b1064,P0AC59,S
grxC,b3610,P0AC62,S'
grxD,b1654,P0AC69,A'
gshA,b2688,P0A6W9,S'
gshB,b2947,P04425,S'
gsiA,b0829,P75796,S
gsiB,b0830,P75797,S
gsiC,b0831,P75798,S
gsiD,b0832,P75799,A
gsk,b0477,P0AEW6,U
gspA,b3323,P45756,X
gspB,b3322,P03825,X
gspC,b3324,P45757,X
gspD,b3325,P45758,X
gspE,b3326,P45759,X
gspF,b3327,P41441,X
gspG,b3328,P41442,X
gspH,b3329,P41443,X
gspI,b3330,P45760,X
gspJ,b3331,P45761,X
gspK,b3332,P45762,X
gspL,b3333,P45763,X
gspM,b3334,P36678,X
gspO,b3335,P25960,X
gss,b2988,P0AES0,A
gstA,b1635,P0A9D2,S'
gstB,b0838,P0ACA7,S
guaA,b2507,P04079,R
guaB,b2508,P0ADG7,R
guaC,b0104,P60560,A
guaD,b2883,P76641,X
gudD,b2787,P0AES2,X
gudP,b2789,Q46916,X
gudX,b2788,Q46915,X
gutM,b2706,P15081,X
gutQ,b2708,P17115,S
gyrA,b2231,P0AES4,A'
gyrB,b3699,P0AES6,R
hcaB,b2541,P0CI31,X
hcaC,b2540,P0ABW0,X
hcaD,b2542,P77650,X
hcaE,b2538,P0ABR5,X
hcaF,b2539,Q47140,X
hcaR,b2537,Q47141,X
hcaT,b2536,Q47142,X
hchA,b1967,P31658,S
hcp,b0873,P75825,X
hcr,b0872,P75824,X
hda,b2496,P69931,X
hdeA,b3510,P0AES9,X
hdeB,b3509,P0AET2,X
hdeD,b3511,P0AET5,X
hdfR,b4480,P0A8R9,S
hdhA,b1619,P0AET8,S'
helD,b0962,P15038,S
hemA,b1210,P0A6X1,X
hemB,b0369,P0ACB2,S
hemC,b3805,P06983,S'
hemD,b3804,P09126,S
hemE,b3997,P29680,S'
hemF,b2436,P36553,X
hemG,b3850,P0ACB4,S'
hemH,b0475,P23871,S'
hemL,b0154,P23893,A
hemN,b3867,P32131,S'
hemX,b3803,P09127,S
hemY,b3802,P0ACB7,S
hflC,b4175,P0ABC3,S
hflD,b1132,P25746,R
hflK,b4174,P0ABC7,A'
hflX,b4173,P25519,R
hfq,b4172,P0A6X3,C'
hha,b0460,P0ACE3,R
hicA,b4532,P76106,X
hicB,b1438,P67697,X
higA,b3082,P67701,X
higB,b3083,P64578,X
hinT,b1103,P0ACE7,S'
hipA,b1507,P23874,X
hipB,b1508,P23873,X
hisA,b2024,P10371,A
hisB,b2022,P06987,A
hisC,b2021,P06986,A
hisD,b2020,P06988,A
hisF,b2025,P60664,A
hisG,b2019,P60757,A
hisH,b2023,P60595,A
hisI,b2026,P06989,A
hisJ,b2309,P0AEU0,A
hisL,b2018,P60995,X
hisM,b2307,P0AEU3,A
hisP,b2306,P07109,S
hisQ,b2308,P52094,A'
hisS,b2514,P60906,U
hlyE,b1182,P77335,X
hmp,b2552,P24232,C
hns,b1237,P0ACF8,S'
hofB,b0107,P36645,X
hofC,b0106,P36646,X
hofM,b3395,P45753,X
hofN,b3394,P64634,X
hofO,b3393,P45751,X
hofP,b3392,P45750,X
hofQ,b3391,P34749,X
hokA,b4455,P37305,X
hokB,b4428,P77494,X
hokC,b4412,P0ACG4,X
hokD,b1562,P0ACG6,X
hokE,b4415,P77091,X
holA,b0640,P28630,X
holB,b1099,P28631,X
holC,b4259,P28905,C'
holD,b4372,P28632,X
holE,b1842,P0ABS8,U
hpf,b3203,P0AFX0,S
hpt,b0125,P0A9M2,R
hrpA,b1413,P43329,A'
hrpB,b0148,P37024,X
hscA,b2526,P0A6Z1,R
hscB,b2527,P0A6L9,A'
hscC,b0650,P77319,X
hsdM,b4349,P08957,R
hsdR,b4350,P08956,C'
hsdS,b4348,P05719,U
hslJ,b1379,P52644,X
hslO,b3401,P0A6Y5,R
hslR,b3400,P0ACG8,R
hslU,b3931,P0A6H5,U
hslV,b3932,P0A7B8,R
hspQ,b0966,P0AB20,R
hsrA,b3754,P31474,X
htgA,b0012,P28697,X
htpG,b0473,P0A6Z3,U
htpX,b1829,P23894,C'
htrE,b0139,P33129,X
htrL,b3618,P25666,X
hupA,b4000,P0ACF0,S
hupB,b0440,P0ACF4,S'
hyaA,b0972,P69739,X
hyaB,b0973,P0ACD8,S'
hyaC,b0974,P0AAM1,X
hyaD,b0975,P19930,X
hyaE,b0976,P19931,X
hyaF,b0977,P19932,X
hybA,b2996,P0AAJ8,X
hybB,b2995,P37180,X
hybC,b2994,P0ACE0,X
hybD,b2993,P37182,A'
hybE,b2992,P0AAN1,X
hybF,b2991,P0A703,X
hybG,b2990,P0AAM7,X
hybO,b2997,P69741,X
hycA,b2725,P0AEV4,X
hycB,b2724,P0AAK1,X
hycC,b2723,P16429,X
hycD,b2722,P16430,X
hycE,b2721,P16431,X
hycF,b2720,P16432,X
hycG,b2719,P16433,X
hycH,b2718,P0AEV7,X
hycI,b2717,P0AEV9,S
hydN,b2713,P0AAK4,X
hyfA,b2481,P23481,A'
hyfB,b2482,P23482,X
hyfC,b2483,P77858,X
hyfD,b2484,P77416,X
hyfE,b2485,P0AEW1,X
hyfF,b2486,P77437,X
hyfG,b2487,P77329,X
hyfH,b2488,P77423,X
hyfI,b2489,P77668,X
hyfJ,b2490,P77453,X
hyfR,b2491,P71229,S
hyi,b0508,P30147,X
hypA,b2726,P0A700,X
hypB,b2727,P0AAN3,X
hypC,b2728,P0AAM3,X
hypD,b2729,P24192,X
hypE,b2730,P24193,X
hypF,b2712,P30131,X
hypT,b4327,P39376,X
hyuA,b2873,Q46806,X
iaaA,b0828,P37595,S
iadA,b4328,P39377,R
iap,b2753,P10423,X
ibaG,b3190,P0A9W6,R
ibpA,b3687,P0C054,R
ibpB,b3686,P0C058,X
icd,b1136,P08200,S
icdC,b4519,,X
iclR,b4018,P16528,S'
idi,b2889,Q46822,X
idnD,b4267,P39346,X
idnK,b4268,P39208,X
idnO,b4266,P0A9P9,X
idnR,b4264,P39343,X
idnT,b4265,P39344,X
ihfA,b1712,P0A6X7,S'
ihfB,b0912,P0A6Y1,S'
ileS,b0026,P00956,R
ilvA,b3772,P04968,S
ilvB,b3671,P08142,C
ilvC,b3774,P05793,U
ilvD,b3771,P05791,A'
ilvE,b3770,P0AB80,A
ilvG_1,b3767,P00892,A'
ilvG_2,b3768,,X
ilvH,b0078,P00894,S
ilvI,b0077,P00893,S
ilvL,b3766,P62522,X
ilvM,b3769,P0ADG1,A
ilvN,b3670,P0ADF8,C
ilvX,b4669,C1P619,X
ilvY,b3773,P05827,C'
inaA,b2237,P27294,X
infA,b0884,P69222,R
infB,b3168,P0A705,R
infC,b1718,P0A707,U
insA-1,b0022,,X
insA-2,b0265,,X
insA-3,b0275,,X
insA-4,b4516,,X
insA-5,b1894,,X
insA-6,b3444,,X
insA-7,b4294,,X
insAB-1,0,,X
insAB-2,0,,X
insAB-3,0,,X
insAB-4,0,,X
insAB-5,0,,X
insAB-6,0,,X
insB-1,b0021,,X
insB-2,b0264,,X
insB-4,b0988,,X
insC-1,b0360,,X
insC-2,b1403,,X
insC-3,b1997,,X
insC-4,b2861,,X
insC-5,b3044,,X
insC-6,b4272,,X
insCD-1,0,,X
insCD-2,0,,X
insCD-3,0,,X
insCD-4,0,,X
insCD-5,0,,X
insCD-6,0,,X
insD,b1578,,X
insD-1,b0361,,X
insE-1,b0298,,X
insE-2,b0373,,X
insE-3,b0540,,X
insE-4,b1027,,X
insE-5,b2088,,X
insEF-1,0,,X
insEF-2,0,,X
insEF-3,0,,X
insEF-4,0,,X
insEF-5,0,,X
insF-1,b0299,,X
insG,b4278,P03835,X
insH-1,b0259,,X
insH-10,b3218,,X
insH-11,b3505,,X
insH-2,b0552,,X
insH-3,b0656,,X
insH-4,b1331,,X
insH-5,b1370,,X
insH-6,b1994,,X
insH-7,b2030,,X
insH-8,b2192,,X
insH-9,b2982,,X
insI-1,b0256,,X
insI-2,b1404,,X
insI-3,b4284,,X
insJ,b3557,P19768,X
insJK,0,,X
insK,b3558,P19769,X
insL-1,b0016,,X
insL-2,b0582,,X
insL-3,b2394,,X
insN-1,b0255,,X
insN-2,b4283,,X
insO-1,b0257,,X
insO-2,b4285,,X
intA,b2622,P32053,X
intB,b4271,P39347,X
intD,b0537,P24218,X
intE,b1140,P75969,X
intF,b0281,P71298,X
intG,b1936,P76323,X
intQ,b1579,P76168,X
intR,b1345,P76056,X
intS,b2349,P37326,X
intZ,b2442,P76542,X
iraD,b4326,P39375,X
iraM,b1160,P75987,X
iraP,b0382,P0AAN9,S'
iroK,b4706,U3PVA8,X
iscA,b2528,P0AAC8,R
iscR,b2531,P0AGK8,C'
iscS,b2530,P0A6B7,S'
iscU,b2529,P0ACD4,S
iscX,b2524,P0C0L9,A'
ispA,b0421,P22939,X
ispB,b3187,P0AD57,U
ispD,b2747,Q46893,S'
ispE,b1208,P62615,S'
ispF,b2746,P62617,S'
ispG,b2515,P62620,R
ispH,b0029,P62623,R
ispU,b0174,P60472,S
ivbL,b3672,P03061,X
ivy,b0220,P0AD59,S
katE,b1732,P21179,S
katG,b3942,P13029,S
kbaY,b3137,P0AB74,X
kbaZ,b3132,P0C8K0,X
kbl,b3617,P0AB77,S'
kch,b1250,P31069,A
kdgK,b3526,P37647,S'
kdgR,b1827,P76268,S'
kdgT,b3909,P0A712,X
kdpA,b0698,P03959,X
kdpB,b0697,P03960,X
kdpC,b0696,P03961,X
kdpD,b0695,P21865,S'
kdpE,b0694,P21866,S'
kdpF,b4513,P36937,X
kdsA,b1215,P0A715,A
kdsB,b0918,P04951,A'
kdsC,b3198,P0ABZ4,A'
kdsD,b3197,P45395,S
kduD,b2842,P37769,X
kduI,b2843,Q46938,X
kefB,b3350,P45522,X
kefC,b0047,P03819,X
kefF,b0046,P0A754,X
kefG,b3351,P0A756,X
kgtP,b2587,P0AEX3,S
kilR,b1352,P38393,X
kptA,b4331,P39380,X
kup,b3747,P63183,C'
lacA,b0342,P07464,X
lacI,b0345,P03023,S'
lacY,b0343,P02920,X
lacZ,b0344,P00722,X
lafU,b0230,Q47154,X
lamB,b4036,P02943,X
lapA,b1279,P0ACV4,S'
lapB,b1280,P0AB58,S
ldcA,b1192,P76008,S'
ldcC,b0186,P52095,X
ldhA,b1380,P52643,S
ldrA,b4419,Q6BF86,X
ldrB,b4421,Q6BF87,X
ldrC,b4423,Q6BF86,X
ldrD,b4453,Q6BF25,X
ldtA,b1990,P39176,A'
ldtB,b0819,P0AAX8,A'
ldtC,b1113,P75954,X
ldtD,b0925,P22525,X
ldtE,b1678,P76193,S'
lepA,b2569,P60785,R
lepB,b2568,P00803,C'
leuA,b0074,P09151,C'
leuB,b0073,P30125,S'
leuC,b0072,P0A6A6,C
leuD,b0071,P30126,C
leuE,b1798,P76249,X
leuL,b0075,P0AD79,X
leuO,b0076,P10151,X
leuS,b0642,P07813,R
lexA,b4043,P0A7C2,S'
lfhA,b0229,Q47153,X
lgoD,b4358,P39400,X
lgoR,b4357,P39399,X
lgoT,b4356,P39398,X
lgt,b2828,P60955,X
lhgO,b2660,P37339,X
lhr,b1653,P30015,X
ligA,b2411,P15042,C'
ligB,b3647,P25772,X
lipA,b0628,P60716,C'
lipB,b0630,P60720,A'
lit,b1139,P11072,X
livF,b3454,P22731,C
livG,b3455,P0A9S7,C
livH,b3457,P0AEX7,X
livJ,b3460,P0AD96,S
livK,b3458,P04816,C'
livM,b3456,P22729,C
lldD,b3605,P33232,S
lldP,b3603,P33231,X
lldR,b3604,P0ACL7,X
lnt,b0657,P23930,R
loiP,b2936,P25894,S
lolA,b0891,P61316,S'
lolB,b1209,P61320,A'
lolC,b1116,P0ADC3,A'
lolD,b1117,P75957,A'
lolE,b1118,P75958,A
lomR_1,b1369,P77184,X
lomR_2,b1371,,X
lon,b0439,P0A9M0,A'
lpcA,b0222,P63224,S'
lpd,b0116,P0A9P0,S
lplA,b4386,P32099,S'
lplT,b2835,P39196,X
lpoA,b3147,P45464,A'
lpoB,b1105,P0AB38,S'
lpp,b1677,P69776,S'
lptA,b3200,P0ADV1,S'
lptB,b3201,P0A9V1,S'
lptC,b3199,P0ADV9,S'
lptD,b0054,P31554,S'
lptE,b0641,P0ADC1,S
lptF,b4261,P0AF98,S'
lptG,b4262,P0ADC6,S'
lpxA,b0181,P0A722,S'
lpxB,b0182,P10441,C
lpxC,b0096,P0A725,S'
lpxD,b0179,P21645,S'
lpxH,b0524,P43341,X
lpxK,b0915,P27300,X
lpxL,b1054,P0ACV0,X
lpxM,b1855,P24205,A'
lpxP,b2378,P0ACV2,X
lpxT,b2174,P76445,A'
lrhA,b2289,P36771,C'
lrp,b0889,P0ACJ0,S'
lspA,b0027,P00804,X
lsrA,b1513,P77257,X
lsrB,b1516,P76142,X
lsrC,b1514,P77672,X
lsrD,b1515,P0AFS1,X
lsrF,b1517,P76143,X
lsrG,b1518,P64461,X
lsrK,b1511,P77432,X
lsrR,b1512,P76141,X
ltaE,b0870,P75823,S
luxS,b2687,P45578,A
lysA,b2838,P00861,U
lysC,b4024,P08660,A
lysO,b0874,P75826,X
lysP,b2156,P25737,U
lysR,b2839,P03030,X
lysS,b2890,P0A8N3,R
lysU,b4129,P0A8N5,R
lyxK,b3580,P37677,X
maa,b0459,P77791,C
macA,b0878,P75830,S'
macB,b0879,P75831,X
maeA,b1479,P26616,C
maeB,b2463,P76558,C
mak,b0394,P23917,S
malE,b4034,P0AEX9,A
malF,b4033,P02916,X
malG,b4032,P68183,X
malI,b1620,P18811,X
malK,b4035,P68187,X
malM,b4037,P03841,X
malP,b3417,P00490,A
malQ,b3416,P15977,X
malS,b3571,P25718,X
malT,b3418,P06993,C
malX,b1621,P19642,X
malY,b1622,P23256,S
malZ,b0403,P21517,X
manA,b1613,P00946,C'
manX,b1817,P69797,A
manY,b1818,P69801,A
manZ,b1819,P69805,A
map,b0168,P0AE18,U
marA,b1531,P0ACH5,X
marB,b1532,P31121,X
marC,b1529,P0AEY1,X
marR,b1530,P27245,X
matP,b0956,P0A8N0,X
mazE,b2783,P0AE72,X
mazF,b2782,P0AE70,A'
mazG,b2781,P0AEY3,X
mcbA,b0806,P0AAX6,X
mcbR,b1450,P76114,X
mcrA,b1159,P24200,X
mcrB,b4346,P15005,X
mcrC,b4345,P15006,X
mdaB,b3028,P0AEY5,R
mdfA,b0842,P0AEY8,X
mdh,b3236,P61889,S
mdlA,b0448,P77265,X
mdlB,b0449,P0AAG5,X
mdtA,b2074,P76397,S'
mdtB,b2075,P76398,X
mdtC,b2076,P76399,X
mdtD,b2077,P36554,X
mdtE,b3513,P37636,S'
mdtF,b3514,P37637,X
mdtG,b1053,P25744,X
mdtH,b1065,P69367,X
mdtI,b1599,P69210,X
mdtJ,b1600,P69212,X
mdtK,b1663,P37340,S'
mdtL,b3710,P31462,X
mdtM,b4337,P39386,X
mdtN,b4082,P32716,X
mdtO,b4081,P32715,X
mdtP,b4080,P32714,X
mdtQ,b2138,P33369,X
melA,b4119,P06720,X
melB,b4120,P02921,X
melR,b4118,P0ACH8,X
menA,b3930,P32166,X
menB,b2262,P0ABU0,A
menC,b2261,P29208,A
menD,b2264,P17109,X
menE,b2260,P37353,X
menF,b2265,P38051,S'
menH,b2263,P37355,X
menI,b1686,P77781,R
mepA,b2328,P0C0T5,R
mepH,b1655,P76190,X
mepM,b1856,P0AFS9,X
mepS,b2175,P0AFV4,C'
metA,b4013,P07623,S
metB,b3939,P00935,U
metC,b3008,P06721,A
metE,b3829,P25665,U
metF,b3941,P0AEZ1,R
metG,b2114,P00959,A
metH,b4019,P13009,A
metI,b0198,P31547,R
metJ,b3938,P0A8U6,A'
metK,b2942,P0A817,A
metL,b3940,P00562,R
metN,b0199,P30750,R
metQ,b0197,P28635,S
metR,b3828,P0A9F9,R
mfd,b1114,P30958,A
mglA,b2149,P0AAG8,C
mglB,b2150,P0AEE5,C
mglC,b2148,P23200,C
mgrB,b1826,P64512,X
mgsA,b0963,P0A731,C'
mgtA,b4242,P0ABB8,S'
mgtL,b4702,E2JKY7,X
mhpA,b0347,P77397,X
mhpB,b0348,P0ABR9,X
mhpC,b0349,P77044,X
mhpD,b0350,P77608,X
mhpE,b0352,P51020,X
mhpF,b0351,P77580,X
mhpR,b0346,P77569,C
mhpT,b0353,P77589,X
miaA,b4171,P16384,A'
miaB,b0661,P0AEI1,R
minC,b1176,P18196,S
minD,b1175,P0AEZ3,S
minE,b1174,P0A734,S
mioC,b3742,P03817,R
mipA,b1782,P0A908,U
mlaA,b2346,P76506,A'
mlaB,b3191,P64602,A'
mlaC,b3192,P0ADV7,S'
mlaD,b3193,P64604,A'
mlaE,b3194,P64606,X
mlaF,b3195,P63386,A'
mlc,b1594,P50456,S'
mliC,b1639,P28224,X
mlrA,b2127,P33358,X
mltA,b2813,P0A935,A'
mltB,b2701,P41052,X
mltC,b2963,P0C066,S
mltD,b0211,P0AEZ7,X
mltF,b2558,P0AGC5,X
mltG,b1097,P28306,R
mmuM,b0261,Q47690,C'
mmuP,b0260,Q47689,R
mnaT,b1448,P76112,A'
mngA,b0731,P54745,X
mngB,b0732,P54746,X
mngR,b0730,P13669,A
mnmA,b1133,P25745,A'
mnmC,b2324,P77182,X
mnmE,b3706,P25522,S'
mnmG,b3741,P0A6U3,R
mntH,b2392,P0A769,X
mntP,b1821,P76264,X
mntR,b0817,P0A9F1,A'
mntS,b4705,P0DKB3,X
moaA,b0781,P30745,X
moaB,b0782,P0AEZ9,S
moaC,b0783,P0A738,S
moaD,b0784,P30748,S
moaE,b0785,P30749,S
mobA,b3857,P32173,X
mobB,b3856,P32125,S
mocA,b2877,Q46810,X
modA,b0763,P37329,C
modB,b0764,P0AF01,X
modC,b0765,P09833,C
modE,b0761,P0A9G8,C'
modF,b0760,P31060,S
moeA,b0827,P12281,S'
moeB,b0826,P12282,S
mog,b0009,P0AF03,C'
mokB,b1420,P76096,X
mokC,b0018,P33236,X
molR_1,b2115,,X
molR_2,b2116,,X
molR_3,b2117,,X
motA,b1890,P09348,X
motB,b1889,P0AF06,X
mpaA,b1326,P0ACV6,X
mpl,b4233,P37773,A'
mppA,b1329,P77348,S'
mprA,b2684,P0ACR9,U
mqo,b2210,P33940,R
mqsA,b3021,Q46864,X
mqsR,b3022,Q46865,X
mraY,b0087,P0A6W3,A'
mraZ,b0081,P22186,S'
mrcA,b3396,P02918,R
mrcB,b0149,P02919,S'
mrdA,b0635,P0AD65,R
mrdB,b0634,P0ABG7,X
mreB,b3251,P0A9X4,R
mreC,b3250,P16926,U
mreD,b3249,P0ABH4,X
mrp,b2113,P0AF08,A'
mrr,b4351,P24202,S'
msbA,b0914,P60752,R
mscK,b0465,P77338,C'
mscL,b3291,P0A742,S'
mscM,b4159,P39285,X
mscS,b2924,P0C0S1,A'
msrA,b4219,P0A744,S
msrB,b1778,P0A746,S
msrC,b1832,P76270,A'
msrP,b1971,P76342,X
msrQ,b1972,P76343,X
msyB,b1051,P25738,S
mtfA,b1976,P76346,S
mtgA,b3208,P46022,X
mtlA,b3599,P00550,S
mtlD,b3600,P09424,S
mtlR,b3601,P0AF10,X
mtn,b0159,P0AF12,S
mtr,b3161,P0AAD2,X
mug,b3068,P0A9H1,S'
mukB,b0924,P22523,S'
mukE,b0923,P22524,C'
mukF,b0922,P60293,S'
murA,b3189,P0A749,A'
murB,b3972,P08373,S'
murC,b0091,P17952,A'
murD,b0088,P14900,S'
murE,b0085,P22188,S'
murF,b0086,P11880,S
murG,b0090,P17443,S'
murI,b3967,P22634,S'
murJ,b1069,P0AF16,X
murP,b2429,P77272,X
murQ,b2428,P76535,X
murR,b2427,P77245,X
mutH,b2831,P06722,X
mutL,b4170,P23367,S'
mutM,b3635,P05523,X
mutS,b2733,P23909,R
mutT,b0099,P08337,X
mutY,b2961,P17802,X
mzrA,b3096,P42615,X
nac,b1988,Q47005,X
nadA,b0750,P11458,A
nadB,b2574,P10902,A
nadC,b0109,P30011,S
nadD,b0639,P0A752,X
nadE,b1740,P18843,A
nadK,b2615,P0A7B3,X
nadR,b4390,P27278,S'
nagA,b0677,P0AF18,S'
nagB,b0678,P0A759,S'
nagC,b0676,P0AF20,S
nagE,b0679,P09323,C'
nagK,b1119,P75959,S'
nagZ,b1107,P75949,S'
nanA,b3225,P0A6L4,C'
nanC,b4311,P69856,X
nanE,b3223,P0A761,C'
nanK,b3222,P45425,X
nanM,b4310,P39371,X
nanR,b3226,P0A8W0,A
nanS,b4309,P39370,X
nanT,b3224,P41036,X
napA,b2206,P33937,X
napB,b2203,P0ABL3,X
napC,b2202,P0ABL5,X
napD,b2207,P0A9I5,X
napF,b2208,P0AAL0,X
napG,b2205,P0AAL3,X
napH,b2204,P33934,X
narG,b1224,P09152,C
narH,b1225,P11349,X
narI,b1227,P11350,X
narJ,b1226,P0AF26,X
narK,b1223,P10903,X
narL,b1221,P0AF28,S'
narP,b2193,P31802,S'
narQ,b2469,P27896,X
narU,b1469,P37758,X
narV,b1465,P0AF32,X
narW,b1466,P19317,X
narX,b1222,P0AFA2,X
narY,b1467,P19318,X
narZ,b1468,P19319,C
ndh,b1109,P00393,A'
ndk,b2518,P0A763,C
nei,b0714,P50465,A'
nemA,b1650,P77258,A
nemR,b1649,P67430,X
nepI,b3662,P0ADL1,X
nfi,b3998,P68739,S
nfo,b2159,P0A6C1,S
nfrA,b0568,P31600,S'
nfrB,b0569,P0AFA5,X
nfsA,b0851,P17117,S
nfsB,b0578,P38489,U
nfuA,b3414,P63020,R
nhaA,b0019,P13738,X
nhaB,b1186,P0AFA7,S'
nhaR,b0020,P0A9G2,X
nhoA,b1463,P77567,X
nikA,b3476,P33590,X
nikB,b3477,P33591,X
nikC,b3478,P0AFA9,X
nikD,b3479,P33593,X
nikE,b3480,P33594,X
nikR,b3481,P0A6Z6,S
nimR,b1790,P76241,X
nimT,b1791,P76242,X
ninE,b0548,Q47270,X
nirB,b3365,P08201,X
nirC,b3367,P0AC26,X
nirD,b3366,P0A9I8,X
nlpA,b3661,P04846,A'
nlpC,b1708,P23898,X
nlpD,b2742,P0ADA3,S
nlpE,b0192,P40710,S'
nlpI,b3163,P0AFB1,S'
nmpC,b0553,P21420,C
nohA,b1548,P31061,X
nohB,b0560,P31062,X
norR,b2709,P37013,X
norV,b2710,Q46877,X
norW,b2711,P37596,X
npr,b3206,P0A9N0,X
nrdA,b2234,P00452,S
nrdB,b2235,P69924,S'
nrdD,b4238,P28903,X
nrdE,b2675,P39452,C'
nrdF,b2676,P37146,X
nrdG,b4237,P0A9N8,X
nrdH,b2673,P0AC65,X
nrdI,b2674,P0A772,X
nrdR,b0413,P0A8D0,S'
nrfA,b4070,P0ABK9,X
nrfB,b4071,P0ABL1,X
nrfC,b4072,P0AAK7,X
nrfD,b4073,P32709,X
nrfE,b4074,P32710,X
nrfF,b4075,P32711,X
nrfG,b4076,P32712,X
nsrR,b4178,P0AF63,A'
nth,b1633,P0AB83,A'
nudB,b1865,P0AFC0,X
nudC,b3996,P32664,A'
nudE,b3397,P45799,S'
nudF,b3034,Q93K97,C
nudG,b1759,P77788,X
nudI,b2251,P52006,X
nudJ,b1134,P0AEI6,S'
nudK,b2467,P37128,X
nudL,b1813,P43337,X
nuoA,b2288,P0AFC3,S
nuoB,b2287,P0AFC7,S'
nuoC,b2286,P33599,S'
nuoE,b2285,P0AFD1,S'
nuoF,b2284,P31979,S
nuoG,b2283,P33602,S'
nuoH,b2282,P0AFD4,C
nuoI,b2281,P0AFD6,S'
nuoJ,b2280,P0AFE0,S
nuoK,b2279,P0AFE4,X
nuoL,b2278,P33607,S
nuoM,b2277,P0AFE8,S
nuoN,b2276,P0AFF0,X
nupC,b2393,P0AFF2,U
nupG,b2964,P0AFF4,X
nupX,b2161,P33021,X
nusA,b3169,P0AFF6,R
nusB,b0416,P0A780,R
nusG,b3982,P0AFG0,S'
obgE,b3183,P42641,R
ogrK,b2082,P37057,X
ogt,b1335,P0AFH0,X
ompA,b0957,P0A910,A'
ompC,b2215,P06996,S'
ompF,b0929,P02931,C'
ompG,b1319,P76045,X
ompL,b3875,P76773,X
ompN,b1377,P77747,S'
ompR,b3405,P0AA16,S'
ompT,b0565,P09169,S'
ompW,b1256,P0A915,S
ompX,b0814,P0A917,A'
opgB,b4359,P39401,C'
opgC,b1047,P75920,X
opgD,b1424,P40120,C
opgE,b0815,P75785,X
opgG,b1048,P33136,C'
opgH,b1049,P62517,C'
oppA,b1243,P23843,S
oppB,b1244,P0AFH2,S
oppC,b1245,P0AFH6,S
oppD,b1246,P76027,S
oppF,b1247,P77737,S
orn,b4162,P0A784,A
ortT,b1445,P64453,X
osmB,b1283,P0ADA7,X
osmC,b1482,P0C0L2,S
osmE,b1739,P0ADB1,S
osmF,b2131,P33362,X
osmY,b4376,P0AFH8,A
otsA,b1896,P31677,S
otsB,b1897,P31678,X
oxc,b2373,P0AFI0,X
oxyR,b3961,P0ACQ4,S'
paaA,b1388,P76077,X
paaB,b1389,P76078,X
paaC,b1390,P76079,X
paaD,b1391,P76080,X
paaE,b1392,P76081,X
paaF,b1393,P76082,X
paaG,b1394,P77467,X
paaH,b1395,P76083,X
paaI,b1396,P76084,X
paaJ,b1397,P0C7L2,X
paaK,b1398,P76085,X
paaX,b1399,P76086,C
paaY,b1400,P77181,X
paaZ,b1387,P77455,X
pabA,b3360,P00903,A'
pabB,b1812,P05041,A'
pabC,b1096,P28305,S'
pagP,b0622,P37001,X
pal,b0741,P0A912,R
panB,b0134,P31057,U
panC,b0133,P31663,S
panD,b0131,P0A790,U
panE,b0425,P0A9J4,X
panF,b3258,P16256,X
panZ,b3459,P37613,S'
paoA,b0286,P77165,X
paoB,b0285,P77324,X
paoC,b0284,P77489,X
paoD,b0283,P77183,X
parC,b3019,P0AFI2,R
parE,b3030,P20083,R
patA,b3073,P42588,X
patD,b1444,P77674,X
patZ,b2584,P76594,X
pbl,b2854,Q46790,X
pbpC,b2519,P76577,X
pbpG,b2134,P0AFI5,A'
pck,b3403,P22259,C
pcm,b2743,P0A7A5,S'
pcnB,b0143,P0ABF1,R
pdeA,b2395,P23842,X
pdeB,b0457,P77473,X
pdeC,b4061,P32701,X
pdeD,b1815,P76261,X
pdeF,b2503,P77172,X
pdeG,b1168,P75995,C
pdeH,b3525,P37646,X
pdeI,b0833,P75800,X
pdeK,b3529,P37649,X
pdeL,b0315,P21514,X
pdeN,b2176,P76446,X
pdeR,b1285,P77334,X
pdhR,b0113,P0ACL9,A
pdxA,b0052,P19624,C
pdxB,b2320,P05459,S
pdxH,b1638,P0AFI7,S
pdxJ,b2564,P0A794,S
pdxK,b2418,P40191,S'
pdxY,b1636,P77150,R
pepA,b4260,P68767,S'
pepB,b2523,P37095,S'
pepD,b0237,P15288,S
pepE,b4021,P0A7C6,C
pepN,b0932,P04825,S
pepP,b2908,P15034,S
pepQ,b3847,P21165,S
pepT,b1127,P29745,S
perR,b0254,Q57083,X
pfkA,b3916,P0A796,A'
pfkB,b1723,P06999,A'
pflA,b0902,P0A9N4,S'
pflB,b0903,P09373,S
pflC,b3952,P32675,X
pflD,b3951,P32674,X
pgaA,b1024,P69434,X
pgaB,b1023,P75906,X
pgaC,b1022,P75905,X
pgaD,b1021,P69432,X
pgi,b4025,P0A6T1,A
pgk,b2926,P0A799,A
pgl,b0767,P52697,S
pgm,b0688,P36938,S
pgpA,b0418,P18200,X
pgpB,b1278,P0A924,X
pgpC,b2560,P0AD42,X
pgrR,b1328,P77333,X
pgsA,b1912,P0ABF8,S'
pheA,b2599,P0A9J8,A
pheL,b2598,P0AD72,X
pheM,b1715,P0AD74,X
pheP,b0576,P24207,X
pheS,b1714,P08312,A
pheT,b1713,P07395,A
phnC,b4106,P16677,X
phnD,b4105,P16682,X
phnE_1,b4104,,X
phnE_2,b4103,,X
phnF,b4102,P16684,X
phnG,b4101,P16685,X
phnH,b4100,P16686,X
phnI,b4099,P16687,X
phnJ,b4098,P16688,X
phnK,b4097,P16678,X
phnL,b4096,P16679,S
phnM,b4095,P16689,X
phnN,b4094,P16690,X
phnO,b4093,P16691,X
phnP,b4092,P16692,X
phoA,b0383,P00634,U
phoB,b0399,P0AFJ5,S'
phoE,b0241,P02932,X
phoH,b1020,P0A9K1,X
phoP,b1130,P23836,S'
phoQ,b1129,P23837,A'
phoR,b0400,P08400,X
phoU,b3724,P0A9K7,S'
php,b3379,P45548,X
phr,b0708,P00914,X
pinE,b1158,P03014,X
pinH,b2648,P76611,X
pinQ,b1545,P77170,X
pinR,b1374,P0ADI0,X
pitA,b3493,P0AFJ7,A'
pitB,b2987,P43676,X
plaP,b2014,P0AA47,U
pldA,b3821,P0A921,A'
pldB,b3825,P07000,X
pliG,b1178,P76002,S
plsB,b4041,P0A7A7,S'
plsC,b3018,P26647,R
plsX,b1090,P27247,S'
pmbA,b4235,P0AFK0,A
pmrD,b2259,P37590,C'
pmrR,b4703,G3MTW7,X
pncA,b1768,P21369,S
pncB,b0931,P18133,A'
pncC,b2700,P0A6G3,S'
pnp,b3164,P05055,R
pntA,b1603,P07001,A
pntB,b1602,P0AB67,A
pnuC,b0751,P0AFK2,X
polA,b3863,P00582,S'
polB,b0060,P21189,X
potA,b1126,P69874,R
potB,b1125,P0AFK4,X
potC,b1124,P0AFK6,X
potD,b1123,P0AFK9,S
potE,b0692,P0AAF1,X
potF,b0854,P31133,S'
potG,b0855,P31134,S
potH,b0856,P31135,S
potI,b0857,P0AFL1,X
poxB,b0871,P07003,S
ppa,b4226,P0A7A9,R
ppc,b3956,P00864,A
ppdA,b2826,P33554,X
ppdB,b2825,P08371,X
ppdC,b2823,P08372,X
ppdD,b0108,P36647,X
pphA,b1838,P55798,X
pphB,b2734,P55799,X
ppiA,b3363,P0AFL3,U
ppiB,b0525,P23869,A
ppiC,b3775,P0A9L5,U
ppiD,b0441,P0ADY1,C'
ppk,b2501,P0A7B1,S'
pppA,b2972,Q46836,X
ppsA,b1702,P23538,C
ppsR,b1703,P0A8A4,S
pptA,b1461,P31992,S
ppx,b2502,P0AFL6,S
pqiA,b0950,P0AFL9,X
pqiB,b0951,P43671,S'
pqqL,b1494,P31828,C
prc,b1830,P23865,A'
preA,b2147,P25889,X
preT,b2146,P76440,X
prfA,b1211,P0A7I0,A'
prfB,b2891,P07012,R
prfC,b4375,P0A7I4,R
prfH,b0236,P28369,X
priA,b3935,P17888,R
priB,b4201,P07013,X
priC,b0467,P23862,S
prkB,b3355,P0AEX5,S
prlC,b3498,P27298,A
prlF,b3129,P15373,S'
prmA,b3259,P0A8T1,R
prmB,b2330,P39199,S'
prmC,b1212,P0ACC1,X
proA,b0243,P07004,S'
proB,b0242,P0A7B5,A'
proC,b0386,P0A9L8,S
proP,b4111,P0C0L7,S'
proQ,b1831,P45577,R
proS,b0194,P16659,R
proV,b2677,P14175,X
proW,b2678,P14176,X
proX,b2679,P0AFM2,X
proY,b0402,P0AAE2,X
prpB,b0331,P77541,X
prpC,b0333,P31660,X
prpD,b0334,P77243,X
prpE,b0335,P77495,X
prpR,b0330,P77743,X
prs,b1207,P0A717,U
psd,b4160,P0A8K1,S
psiE,b4030,P0A7C8,X
psiF,b0384,P0AFM4,X
pspA,b1304,P0AFM6,S'
pspB,b1305,P0AFM9,S'
pspC,b1306,P0AFN2,C'
pspD,b1307,P0AFV8,X
pspE,b1308,P23857,X
pspF,b1303,P37344,X
pspG,b4050,P32696,X
pssA,b2585,P23830,S'
pstA,b3726,P07654,X
pstB,b3725,P0AAH0,S'
pstC,b3727,P0AGH8,X
pstS,b3728,P0AG82,S'
psuG,b2165,P33025,X
psuK,b2166,P30235,X
psuT,b2164,P33024,X
pta,b2297,P0A9M8,S'
pth,b1204,P0A7D1,A'
ptrA,b2821,P05458,S
ptrB,b1845,P24555,X
ptsA,b3947,P32670,X
ptsG,b1101,P69786,U
ptsH,b2415,P0AA04,U
ptsI,b2416,P08839,A
ptsN,b3204,P69829,S'
ptsP,b2829,P37177,S'
purA,b4177,P0A7D4,U
purB,b1131,P0AB89,U
purC,b2476,P0A7D7,C
purD,b4005,P15640,U
purE,b0523,P0AG18,U
purF,b2312,P0AG16,R
purH,b4006,P15639,U
purK,b0522,P09029,U
purL,b2557,P15254,U
purM,b2499,P08178,U
purN,b2500,P08179,U
purR,b1658,P0ACP7,C'
purT,b1849,P33221,U
purU,b1232,P37051,R
putA,b1014,P09546,C'
putP,b1015,P07117,C
puuA,b1297,P78061,X
puuB,b1301,P37906,X
puuC,b1300,P23883,X
puuD,b1298,P76038,X
puuE,b1302,P50457,X
puuP,b1296,P76037,X
puuR,b1299,P0A9U6,C'
pykA,b1854,P21599,S
pykF,b1676,P0AD61,U
pyrB,b4245,P0A786,S
pyrC,b1062,P05020,A
pyrD,b0945,P0A7E1,R
pyrE,b3642,P0A7E3,U
pyrF,b1281,P08244,R
pyrG,b2780,P0A7E5,U
pyrH,b0171,P0A7E9,U
pyrI,b4244,P0A7F3,S
pyrL,b4246,P0AD83,X
qmcA,b0489,P0AA53,S'
qor,b4051,P28304,S
qorB,b4211,P39315,X
qseB,b3025,P52076,C
qseC,b3026,P40719,X
queA,b0405,P0A7F9,R
queC,b0444,P77756,A
queD,b2765,P65870,R
queE,b2777,P64554,A
queF,b2794,Q46920,U
queG,b4166,P39288,X
racC,b1351,P15033,X
racR,b1356,P76062,S
radA,b4389,P24554,A'
radD,b2184,P33919,X
raiA,b2597,P0AD49,U
ralR,b1348,P33229,X
rapA,b0059,P60240,R
rapZ,b3205,P0A894,S
rarA,b0892,P0AAZ4,A'
rarD,b3819,P27844,X
ratA,b2619,P0AGL5,R
ratB,b2618,P52119,R
ravA,b3746,P31473,S'
rayT,b0228,Q47152,X
rbbA,b3486,P37624,C
rbfA,b3167,P0A7G2,R
rbn,b2268,P0A8V0,A'
rbsA,b3749,P04983,C
rbsB,b3751,P02925,C
rbsC,b3750,P0AGI1,C
rbsD,b3748,P04982,C
rbsK,b3752,P0A9J6,C
rbsR,b3753,P0ACQ0,X
rcdA,b0846,P75811,X
rclA,b0304,P77212,X
rclB,b0303,P75687,X
rclC,b0301,P75685,X
rclR,b0305,P77379,X
rcnA,b2106,P76425,X
rcnB,b2107,P64534,S'
rcnR,b2105,P64530,S'
rcsA,b1951,P0DMC9,X
rcsB,b2217,P0DMC7,C'
rcsC,b2218,P0DMC5,S
rcsD,b2216,P39838,S'
rcsF,b0196,P69411,S
rdgB,b2954,P52061,R
rdgC,b0393,P36767,A'
rdoA,b3859,P0C0K3,X
recA,b2699,P0A7G6,S
recB,b2820,P08394,X
recC,b2822,P07648,X
recD,b2819,P04993,X
recE,b1350,P15032,X
recF,b3700,P0A7H0,X
recG,b3652,P24230,A'
recJ,b2892,P21893,R
recN,b2616,P05824,X
recO,b2565,P0A7H3,X
recQ,b3822,P15043,X
recR,b0472,P0A7H6,R
recT,b1349,P33228,X
recX,b2698,P33596,X
relA,b2784,P0AG20,S'
relB,b1564,P0C079,S'
relE,b1563,P0C077,A'
rem,b1561,P07010,X
renD,b0542,P75718,X
rep,b3778,P09980,A'
rfaD,b3619,P67910,A'
rfaE,b3052,P76658,S
rfaH,b3842,P0AFW0,A'
rfbA,b2039,P37744,X
rfbB,b2041,P37759,X
rfbC,b2038,P37745,X
rfbD,b2040,P37760,X
rfbX,b2037,P37746,X
rfe,b3784,P0AC78,X
rffC,b3790,P27832,X
rffG,b3788,P27830,R
rffH,b3789,P61887,S
rffM,b3794,P27836,C'
rffT,b4481,P56258,A'
rhaA,b3903,P32170,X
rhaB,b3904,P32171,X
rhaD,b3902,P32169,X
rhaM,b3901,P32156,X
rhaR,b3906,P09378,X
rhaS,b3905,P09377,X
rhaT,b3907,P27125,X
rhlB,b3780,P0A8J8,A'
rhlE,b0797,P25888,R
rho,b3783,P0AG30,R
rhoL,b3782,P0ADF3,X
rhsA,b3593,P16916,X
rhsB,b3482,P16917,X
rhsC,b0700,P16918,X
rhsD,b0497,P16919,X
rhsE,b1456,P24211,X
rhtA,b0813,P0AA67,X
rhtB,b3824,P0AG34,X
rhtC,b3823,P0AG38,X
ribA,b1277,P0A7I7,A'
ribB,b3041,P0A7J0,U
ribC,b1662,P0AFU8,A'
ribD,b0414,P25539,S'
ribE,b0415,P61714,U
ribF,b0025,P0AG40,S'
ridA,b4243,P0AF93,C
rihA,b0651,P41409,C
rihB,b2162,P33022,X
rihC,b0030,P22564,S
rimI,b4373,P0A944,X
rimJ,b1066,P0A948,S'
rimK,b0852,P0C0U4,X
rimL,b1427,P13857,S'
rimM,b2608,P0A7X6,R
rimO,b0835,P0AEI4,R
rimP,b3170,P0A8A8,R
rlmA,b1822,P36999,A'
rlmB,b4180,P63177,A'
rlmC,b0859,P75817,X
rlmD,b2785,P55135,X
rlmE,b3179,P0C0R7,R
rlmF,b0807,P75782,X
rlmG,b3084,P42596,R
rlmH,b0636,P0A8I8,R
rlmI,b0967,P75876,R
rlmJ,b3499,P37634,R
rlmL,b0948,P75864,R
rlmM,b2806,P0ADR6,A'
rlmN,b2517,P36979,R
rlpA,b0633,P10100,A
rluA,b0058,P0AA37,X
rluB,b1269,P37765,R
rluC,b1086,P0AA39,R
rluD,b2594,P33643,A'
rluE,b1135,P75966,X
rluF,b4022,P32684,U
rmf,b0953,P0AFW2,X
rmuC,b3832,P0AG71,X
rna,b0611,P21338,A'
rnb,b1286,P30850,R
rnc,b2567,P0A7Y0,R
rnd,b1804,P09155,X
rne,b1084,P21513,R
rng,b3247,P0A9J0,S
rnhA,b0214,P0A7Y4,X
rnhB,b0183,P10442,S
rnk,b0610,P0AFW4,C
rnlA,b2630,P52129,X
rnlB,b2631,P52130,X
rnpA,b3704,P0A7Y8,R
rnr,b4179,P21499,S'
rnt,b1652,P30014,A'
rob,b4396,P0ACI0,S'
rodZ,b2516,P27434,S'
rof,b0189,P0AFW8,S'
roxA,b1128,P27431,S'
rpe,b3386,P0AG07,S
rph,b3643,P0CG19,R
rpiA,b2914,P0A7Z0,S
rpiB,b4090,P37351,C'
rpiR,b4089,P0ACS7,X
rplA,b3984,P0A7L0,R
rplB,b3317,P60422,R
rplC,b3320,P60438,R
rplD,b3319,P60723,R
rplE,b3308,P62399,R
rplF,b3305,P0AG55,R
rplI,b4203,P0A7R1,R
rplJ,b3985,P0A7J3,R
rplK,b3983,P0A7J7,R
rplL,b3986,P0A7K2,R
rplM,b3231,P0AA10,R
rplN,b3310,P0ADY3,R
rplO,b3301,P02413,R
rplP,b3313,P0ADY7,R
rplQ,b3294,P0AG44,R
rplR,b3304,P0C018,R
rplS,b2606,P0A7K6,R
rplT,b1716,P0A7L3,R
rplU,b3186,P0AG48,R
rplV,b3315,P61175,R
rplW,b3318,P0ADZ0,R
rplX,b3309,P60624,R
rplY,b2185,P68919,R
rpmA,b3185,P0A7L8,R
rpmB,b3637,P0A7M2,R
rpmC,b3312,P0A7M6,R
rpmD,b3302,P0AG51,R
rpmE,b3936,P0A7M9,R
rpmF,b1089,P0A7N4,R
rpmG,b3636,P0A7N9,R
rpmH,b3703,P0A7P5,R
rpmI,b1717,P0A7Q1,X
rpmJ,b3299,P0A7Q6,X
rpoA,b3295,P0A7Z4,A'
rpoB,b3987,P0A8V2,R
rpoC,b3988,P0A8T7,A'
rpoD,b3067,P00579,S
rpoE,b2573,P0AGB6,A'
rpoH,b3461,P0AGB3,X
rpoN,b3202,P24255,S
rpoS,b2741,P13445,X
rpoZ,b3649,P0A800,A'
rppH,b2830,P0A776,X
rpsA,b0911,P0AG67,R
rpsB,b0169,P0A7V0,R
rpsC,b3314,P0A7V3,R
rpsD,b3296,P0A7V8,R
rpsE,b3303,P0A7W1,R
rpsF,b4200,P02358,R
rpsG,b3341,P02359,R
rpsH,b3306,P0A7W7,R
rpsI,b3230,P0A7X3,R
rpsJ,b3321,P0A7R5,R
rpsK,b3297,P0A7R9,R
rpsL,b3342,P0A7S3,R
rpsM,b3298,P0A7S9,R
rpsN,b3307,P0AG59,R
rpsO,b3165,P0ADZ4,R
rpsP,b2609,P0A7T3,R
rpsQ,b3311,P0AG63,R
rpsR,b4202,P0A7T7,R
rpsS,b3316,P0A7U3,R
rpsT,b0023,P0A7U7,R
rpsU,b3065,P68679,R
rraA,b3929,P0A8R0,S'
rraB,b4255,P0AF90,A'
rrrD,b0555,P78285,X
rrrQ,b1554,P76159,X
rsd,b3995,P0AFX4,S
rseA,b2572,P0AFX7,A'
rseB,b2571,P0AFX9,S'
rseC,b2570,P46187,X
rseP,b0176,P0AEH1,S'
rsfS,b0637,P0AAT6,U
rsgA,b4161,P39286,S
rsmA,b0051,P06992,R
rsmB,b3289,P36929,R
rsmC,b4371,P39406,A'
rsmD,b3465,P0ADX9,A'
rsmE,b2946,P0AGL7,R
rsmF,b1835,P76273,R
rsmG,b3740,P0A6U5,R
rsmH,b0082,P60390,S'
rsmI,b3146,P67087,A'
rsmJ,b3497,P68567,A'
rspA,b1581,P38104,X
rspB,b1580,P38105,X
rssA,b1234,P0AFR0,X
rssB,b1235,P0AEV1,X
rstA,b1608,P52108,C'
rstB,b1609,P18392,X
rsuA,b2183,P0AA43,R
rsxA,b1627,P0A766,X
rsxB,b1628,P77223,R
rsxC,b1629,P77611,R
rsxD,b1630,P76182,X
rsxE,b1632,P77179,X
rsxG,b1631,P77285,C
rtcA,b4475,P46849,X
rtcB,b3421,P46850,X
rtcR,b3422,P38035,X
rusA,b0550,P0AG74,X
rutA,b1012,P75898,X
rutB,b1011,P75897,X
rutC,b1010,P0AFQ5,X
rutD,b1009,P75895,X
rutE,b1008,P75894,X
rutF,b1007,P75893,X
rutG,b1006,P75892,X
rutR,b1013,P0ACU2,A
ruvA,b1861,P0A809,S'
ruvB,b1860,P0A812,S
ruvC,b1863,P0A814,X
rzoD,b4510,P58041,X
rzoR,b4528,P58042,X
rzpD,b0556,P75719,X
rzpR,b1362,P77551,X
sad,b1525,P76149,S
safA,b1500,P76136,X
sanA,b2144,P0AFY2,X
sapA,b1294,Q47622,A'
sapB,b1293,P0AGH3,X
sapC,b1292,P0AGH5,X
sapD,b1291,P0AAH4,C'
sapF,b1290,P0AAH8,S'
satP,b0010,P0AC98,X
sbcB,b2011,P04995,R
sbcC,b0397,P13458,S'
sbcD,b0398,P0AG76,X
sbmA,b0377,P0AFY6,S
sbmC,b2009,P33012,X
sbp,b3917,P0AG78,U
scpA,b2917,P27253,X
scpB,b2919,P52045,X
scpC,b2920,P52043,X
sdaA,b1814,P16095,R
sdaB,b2797,P30744,R
sdaC,b2796,P0AAD6,X
sdhA,b0723,P0AC41,C
sdhB,b0724,P07014,C
sdhC,b0721,P69054,C
sdhD,b0722,P0AC44,C
sdhE,b2897,P64559,X
sdiA,b1916,P07026,X
secA,b0098,P10408,C'
secB,b3609,P0AG86,C'
secD,b0408,P0AG90,C'
secE,b3981,P0AG96,X
secF,b0409,P0AG93,C'
secG,b3175,P0AG99,R
secM,b0097,P62395,X
secY,b3300,P0AGA2,R
selA,b3591,P0A821,A
selB,b3590,P14081,A
selD,b1764,P16456,S'
seqA,b0687,P0AFY8,A'
serA,b2913,P0A9T0,A
serB,b4388,P0AGB0,U
serC,b0907,P23721,A
serS,b0893,P0A8L1,A
setA,b0070,P31675,X
setB,b2170,P33026,X
setC,b3659,P31436,X
sfmA,b0530,P0ABW5,X
sfmC,b0531,P77249,X
sfmD,b0532,P77468,X
sfmF,b0534,P38052,X
sfmH,b0533,P75715,X
sfsA,b0146,P0A823,S'
sfsB,b3188,P0ACH1,X
sgbE,b3583,P37680,X
sgbH,b3581,P37678,X
sgbU,b3582,P37679,X
sgcA,b4302,P39363,X
sgcB,b4565,P58035,X
sgcC,b4304,P39365,X
sgcE,b4301,P39362,X
sgcQ,b4303,P39364,X
sgcR,b4300,P39361,X
sgcX,b4305,P39366,X
sgrR,b0069,P33595,X
sgrT,b4662,C1P5Z7,X
shiA,b1981,P76350,A'
shoB,b4687,C1P611,X
sieB,b1353,P38392,X
sixA,b2340,P76502,R
skp,b0178,P0AEU7,S'
slmA,b3641,P0C093,S
slp,b3506,P37194,C
slt,b4392,P0AGC3,S
slyA,b1642,P0A8W2,S'
slyB,b1641,P0A905,S'
slyD,b3349,P0A9K9,S'
slyX,b3348,P0A8R4,S'
smf,b4473,P30852,X
smg,b3284,P0A828,X
smpB,b2620,P0A832,A'
smrA,b1340,P76053,S'
smrB,b2331,P0A8B2,A'
sodA,b3908,P00448,S
sodB,b1656,P0AGD3,S'
sodC,b1646,P0AGD1,X
sohB,b1272,P0AG14,A
solA,b1059,P40874,S
soxR,b4063,P0ACS2,X
soxS,b4062,P0A9E2,X
speA,b2938,P21170,A
speB,b2937,P60651,U
speC,b2965,P21169,A
speD,b0120,P0A7F6,U
speE,b0121,P09158,U
speF,b0693,P24169,X
speG,b1584,P0A951,S'
spoT,b3650,P0AG24,S'
sppA,b1766,P08395,U
spy,b1743,P77754,S
sra,b1480,P68191,S
srlA,b2702,P56579,X
srlB,b2704,P05706,X
srlD,b2705,P05707,X
srlE,b2703,P56580,X
srlR,b2707,P15082,S'
srmB,b2576,P21507,R
ssb,b4059,P0AGE0,C'
sseA,b2521,P31142,S'
sseB,b2522,P0AFZ1,R
ssnA,b2879,Q46812,X
sspA,b3229,P0ACA3,S'
sspB,b3228,P0AFZ3,R
sstT,b3089,P0AGE4,X
ssuA,b0936,P75853,X
ssuB,b0933,P0AAI1,X
ssuC,b0934,P75851,X
ssuD,b0935,P80645,X
ssuE,b0937,P80644,X
stfE,b1157,P33227,X
stfR,b1372,P76072,X
sthA,b3962,P27306,C'
stpA,b2669,P0ACG1,C
sucA,b0726,P0AFG3,C
sucB,b0727,P0AFG6,C
sucC,b0728,P0A836,C
sucD,b0729,P0AGE9,C
sufA,b1684,P77667,X
sufB,b1683,P77522,S
sufC,b1682,P77499,S
sufD,b1681,P77689,C
sufE,b1679,P76194,X
sufS,b1680,P77444,S
sugE,b4148,P69937,X
suhB,b2533,P0ADG4,R
sulA,b0958,P0AFZ5,X
surA,b0053,P0ABZ6,S'
sutR,b1434,P77626,X
sxy,b0959,P75869,X
syd,b2793,P0A8U0,S
symE,b4347,P39394,X
tabA,b4252,P0AF96,A'
tadA,b2559,P68398,X
tag,b3549,P05100,S'
talA,b2464,P0A867,S
talB,b0008,P0A870,A
tam,b1519,P76145,X
tamA,b4220,P0ADE4,S'
tamB,b4221,P39321,S'
tap,b1885,P07018,C
tar,b1886,P07017,C
tas,b2834,P0A9T4,S'
tatA,b3836,P69428,S'
tatB,b3838,P69425,S'
tatC,b3839,P69423,R
tatD,b4483,P27859,C'
tatE,b0627,P0A843,R
tauA,b0365,Q47537,X
tauB,b0366,Q47538,X
tauC,b0367,Q47539,X
tauD,b0368,P37610,X
tbpA,b0068,P31550,U
tcdA,b2812,Q46927,A'
tcyJ,b1920,P0AEM9,C
tcyL,b1918,P0AFT2,S
tcyN,b1917,P37774,S
tcyP,b1729,P77529,R
tdcA,b3118,P0ACQ7,X
tdcB,b3117,P0AGF6,X
tdcC,b3116,P0AAD8,X
tdcD,b3115,P11868,X
tdcE,b3114,P42632,S
tdcF,b3113,P0AGL2,C
tdcG,b4471,P42630,R
tdcR,b3119,P11866,X
tdh,b3616,P07913,S'
tdk,b1238,P23331,A'
tehA,b1429,P25396,X
tehB,b1430,P25397,S
tesA,b0494,P0ADA1,S
tesB,b0452,P0AGG2,S'
tfaD,b0561,P77699,X
tfaE,b1156,P09153,X
tfaQ,b1546,P76155,X
tfaR,b1373,P77163,X
tfaX,b0563,P77087,X
tgt,b0406,P0A847,R
thiC,b3994,P30136,X
thiD,b2103,P76422,X
thiE,b3993,P30137,X
thiF,b3992,P30138,X
thiG,b3991,P30139,X
thiH,b3990,P30140,X
thiI,b0423,P77718,R
thiK,b1106,P75948,X
thiL,b0417,P0AGG0,S'
thiM,b2104,P76423,X
thiP,b0067,P31549,X
thiQ,b0066,P31548,X
thiS,b4407,O32583,X
thpR,b0147,P37025,X
thrA,b0002,P00561,A'
thrB,b0003,P00547,A
thrC,b0004,P00934,A'
thrL,b0001,P0AD86,X
thrS,b1719,P0A8M3,R
thyA,b2827,P0A884,U
tig,b0436,P0A850,R
tilS,b0188,P52097,A'
tisB,b4618,A5A627,X
tktA,b2935,P27302,U
tktB,b2465,P33570,U
tldD,b3244,P0AGG8,A
tmcA,b2474,P76562,X
tmk,b1098,P0A720,R
tnaA,b3708,P0A853,X
tnaB,b3709,P23173,X
tnaC,b3707,P0AD89,X
tolA,b0739,P19934,S'
tolB,b0740,P0A855,A
tolC,b3035,P02930,A'
tolQ,b0737,P0ABU9,A'
tolR,b0738,P0ABV6,A'
tomB,b0461,P0AAR0,X
tonB,b1252,P02929,U
topA,b1274,P06612,A'
topAI,b4566,Q2EEU2,X
topB,b1763,P14294,X
torA,b0997,P33225,X
torC,b0996,P33226,X
torD,b0998,P36662,X
torI,b4501,Q2EES9,X
torR,b0995,P38684,X
torS,b0993,P39453,X
torT,b0994,P38683,X
torY,b1873,P52005,X
torZ,b1872,P46923,X
tpiA,b3919,P0A858,A
tpr,b1229,P02338,X
tpx,b1324,P0A862,C
tqsA,b1601,P0AFS5,X
treA,b1197,P13482,S'
treB,b4240,P36672,C'
treC,b4239,P28904,X
treF,b3519,P62601,X
treR,b4241,P36673,S'
trg,b1421,P05704,C
trkA,b3290,P0AGI8,S'
trkG,b1363,P23849,X
trkH,b3849,P0AFZ7,X
trmA,b3965,P23003,R
trmD,b2607,P0A873,C'
trmH,b3651,P0AGJ2,A'
trmI,b2960,P0A8I5,U
trmJ,b2532,P0AE01,R
trmL,b3606,P0AGJ7,A'
trmO,b0195,P28634,X
trpA,b1260,P0A877,U
trpB,b1261,P0A879,U
trpC,b1262,P00909,U
trpD,b1263,P00904,U
trpE,b1264,P00895,U
trpL,b1265,P0AD92,X
trpR,b4393,P0A881,S
trpS,b3384,P00954,A
truA,b2318,P07649,R
truB,b3166,P60340,R
truC,b2791,P0AA41,X
truD,b2745,Q57261,A'
trxA,b3781,P0AA25,S'
trxB,b0888,P0A9P4,S
trxC,b2582,P0AGG4,S'
tsaB,b1807,P76256,R
tsaC,b3282,P45748,R
tsaD,b3064,P05852,R
tsaE,b4168,P0AF67,A'
tsf,b0170,P0A6P1,U
tsgA,b3364,P60778,X
tsr,b4355,P02942,U
tsx,b0411,P0A927,C'
ttcA,b1344,P76055,R
ttdA,b3061,P05847,X
ttdB,b3062,P0AC35,X
ttdR,b3060,P45463,X
ttdT,b3063,P39414,X
tufA,b3339,P0CE47,R
tufB,b3980,P0CE48,R
tus,b1610,P16525,A'
tusA,b3470,P0A890,S'
tusB,b3343,P45530,S
tusC,b3344,P45531,S
tusD,b3345,P45532,X
tusE,b0969,P0AB18,A'
tynA,b1386,P46883,X
tyrA,b2600,P07023,R
tyrB,b4054,P04693,S
tyrP,b1907,P0AAD4,X
tyrR,b1323,P07604,S'
tyrS,b1637,P0AGJ9,U
uacT,b2888,Q46821,X
ubiA,b4040,P0AGK1,X
ubiB,b3835,P0A6A0,S
ubiC,b4039,P26602,X
ubiD,b3843,P0AAB4,S'
ubiE,b3833,P0A887,U
ubiF,b0662,P75728,S'
ubiG,b2232,P17993,U
ubiH,b2907,P25534,S
ubiI,b2906,P25535,S
ubiJ,b3834,P0ADP7,X
ubiX,b2311,P0AG03,X
ucpA,b2426,P37440,C'
udk,b2066,P0A8F4,R
udp,b3831,P12758,S
ugd,b2028,P76373,X
ugpA,b3452,P10905,C
ugpB,b3453,P0AG80,X
ugpC,b3450,P10907,S
ugpE,b3451,P10906,X
ugpQ,b3449,P10908,S'
uhpA,b3669,P0AGA6,S'
uhpB,b3668,P09835,X
uhpC,b3667,P09836,X
uhpT,b3666,P0AGC0,X
uidA,b1617,P05804,X
uidB,b1616,P0CE44,X
uidC,b1615,Q47706,X
uidR,b1618,P0ACT6,X
ulaA,b4193,P39301,X
ulaB,b4194,P69822,X
ulaC,b4195,P69820,X
ulaD,b4196,P39304,X
ulaE,b4197,P39305,X
ulaF,b4198,P39306,X
ulaG,b4192,P39300,X
ulaR,b4191,P0A9W0,S'
umpG,b2744,P0A840,S'
umpH,b0675,P0AF24,S'
umuC,b1184,P04152,X
umuD,b1183,P0AG11,X
ung,b2580,P12295,S'
uof,b4637,A8DYP9,X
upp,b2498,P0A8F0,R
uraA,b2497,P0AGM7,X
usg,b2319,P08390,S'
ushA,b0480,P07024,S
uspA,b3495,P0AED0,S
uspB,b3494,P0A8S5,X
uspC,b1895,P46888,X
uspD,b3923,P0AAB8,S
uspE,b1333,P0AAC0,S
uspF,b1376,P37903,S
uspG,b0607,P39177,S'
uup,b0949,P43672,R
uvrA,b4058,P0A698,S'
uvrB,b0779,P0A8F8,S'
uvrC,b1913,P0A8G0,S
uvrD,b3813,P03018,C'
uvrY,b1914,P0AED5,R
uxaA,b3091,P42604,C'
uxaB,b1521,P0A6L7,X
uxaC,b3092,P0A8G3,C
uxuA,b4322,P24215,C'
uxuB,b4323,P39160,S
uxuR,b4324,P39161,X
valS,b4258,P07118,U
ves,b1742,P76214,X
viaA,b3745,P0ADN0,X
vsr,b1960,P09184,X
waaA,b3633,P0AC75,C'
waaB,b3628,P27127,S
waaC,b3621,P24173,X
waaF,b3620,P37692,A
waaG,b3631,P25740,S
waaH,b3615,P11290,X
waaJ,b3626,P27129,S'
waaL,b3622,P27243,C
waaO,b3627,P27128,S'
waaP,b3630,P25741,S'
waaQ,b3632,P25742,A
waaS,b3629,P27126,R
waaU,b3623,P27242,C'
waaY,b3625,P27240,A'
waaZ,b3624,P27241,X
wbbH,b2035,P37748,X
wbbI,b2034,P37749,X
wbbJ,b2033,P37750,X
wbbK,b2032,P37751,X
wbbL_1,b2031,P36667,X
wcaA,b2059,P77414,X
wcaB,b2058,P0ACC9,X
wcaC,b2057,P71237,X
wcaD,b2056,P71238,X
wcaE,b2055,P71239,X
wcaF,b2054,P0ACD2,X
wcaI,b2050,P32057,X
wcaJ,b2047,P71241,X
wcaK,b2045,P71242,X
wcaL,b2044,P71243,X
wcaM,b2043,P71244,X
wecB,b3786,P27828,R
wecC,b3787,P27829,R
wecE,b3791,P27833,A
wecH,b3561,P37669,X
wrbA,b1004,P0A8G6,S
wza,b2062,P0A930,X
wzb,b2061,P0AAB2,X
wzc,b2060,P76387,X
wzxC,b2046,P77377,X
wzxE,b3792,P0AAA7,X
wzyE,b3793,P27835,X
wzzB,b2027,P76372,R
wzzE,b3785,P0AG00,R
xanP,b3654,P0AGM9,X
xanQ,b2882,P67444,X
xapA,b2407,P45563,X
xapB,b2406,P45562,X
xapR,b2405,P23841,X
xdhA,b2866,Q46799,X
xdhB,b2867,Q46800,X
xdhC,b2868,Q46801,X
xdhD,b2881,Q46814,X
xerC,b3811,P0A8P6,X
xerD,b2894,P0A8P8,X
xisE,b1141,P75970,X
xisR,b1346,P76057,X
xseA,b2509,P04994,S'
xseB,b0422,P0A8G9,S'
xthA,b1749,P09030,A'
xylA,b3565,P00944,X
xylB,b3564,P09099,X
xylE,b4031,P0AGF4,X
xylF,b3566,P37387,X
xylG,b3567,P37388,X
xylH,b3568,P0AGI4,X
xylR,b3569,P0ACI3,X
yaaA,b0006,P0A8I3,A
yaaI,b0013,P28696,X
yaaJ,b0007,P30143,X
yaaU,b0045,P31679,X
yaaW,b0011,P75617,X
yaaX,b0005,P75616,X
yaaY,b0024,P75620,X
yabI,b0065,P30149,X
yabP,b0056,P39220,X
yabQ,b0057,P39221,X
yacC,b0122,P0AA95,A'
yacG,b0101,P0A8H8,S'
yacH,b0117,P36682,X
yacL,b0119,P0A8E5,A'
yadC,b0135,P31058,X
yadD,b0132,P31665,X
yadE,b0130,P31666,X
yadG,b0127,P36879,A'
yadH,b0128,P0AFN6,X
yadI,b0129,P36881,X
yadK,b0136,P37016,X
yadL,b0137,P37017,X
yadM,b0138,P37018,X
yadN,b0141,P37050,X
yadS,b0157,P0AFP0,X
yadV,b0140,P33128,X
yaeF,b0193,P37056,X
yaeH,b0163,P62768,S
yaeI,b0164,P37049,X
yaeP,b4406,P0A8K5,S'
yaeQ,b0190,P0AA97,S'
yaeR,b0187,P52096,X
yafC,b0208,P30864,S
yafD,b0209,P0A8U2,X
yafE,b0210,P30866,X
yafF,b4503,Q2EEP9,X
yafJ,b0223,Q47147,S
yafK,b0224,P0AA99,U
yafL,b0227,Q47151,X
yafN,b0232,Q47156,X
yafO,b0233,Q47157,X
yafP,b0234,Q47158,X
yafQ,b0225,Q47149,X
yafS,b0213,P75672,X
yafT,b0217,P77339,X
yafU,b0218,P77354,X
yafV,b0219,Q47679,S'
yafW,b0246,Q47684,X
yafX,b0248,P75676,X
yafY,b0251,P77365,X
yafZ,b0252,P77206,X
yagA,b0267,P37007,X
yagB,b0266,P37008,X
yagE,b0268,P75682,X
yagF,b0269,P77596,X
yagG,b0270,P75683,X
yagH,b0271,P77713,X
yagI,b0272,P77300,X
yagJ,b0276,P77169,X
yagK,b0277,P77657,X
yagL,b0278,P77607,X
yagM,b0279,P71296,X
yagN,b0280,P71297,X
yagP,b0282,P75684,X
yagU,b0287,P0AAA1,A'
yahB,b0316,P77700,X
yahC,b0317,P77219,X
yahD,b0318,P77736,X
yahE,b0319,P77297,X
yahF,b0320,P77187,X
yahG,b0321,P77221,X
yahH,b0322,Q2EEQ3,X
yahI,b0323,P77624,X
yahJ,b0324,P77554,S
yahK,b0325,P75691,S
yahL,b0326,P77393,X
yahM,b0327,P75692,X
yahN,b0328,P75693,X
yahO,b0329,P75694,S
yaiA,b0389,P0AAN5,S'
yaiE,b0391,P0C037,S
yaiF,b0362,,X
yaiI,b0387,P0A8D3,R
yaiL,b0354,P51024,R
yaiO,b0358,Q47534,X
yaiP,b0363,Q47536,X
yaiS,b0364,P71311,X
yaiT,b0371,P77199,X
yaiU,b0374,,X
yaiV,b0375,P0AAP5,X
yaiW,b0378,P77562,S
yaiX,b0359,P75697,X
yaiY,b0379,P0AAP7,X
yaiZ,b0380,P0AAQ0,X
yajC,b0407,P0ADZ7,C
yajD,b0410,P0AAQ2,X
yajG,b0434,P0ADA5,C'
yajI,b0412,P46122,X
yajL,b0424,Q46948,S'
yajO,b0419,P77735,S
yajQ,b0426,P0A8E7,A'
yajR,b0427,P77726,X
ybaA,b0456,P0AAQ6,X
ybaB,b0471,P0A8B5,R
ybaE,b0445,P46890,X
ybaK,b0481,P0AAR3,S'
ybaL,b0478,P39830,C'
ybaM,b0466,P45807,X
ybaN,b0468,P0AAR5,X
ybaO,b0447,P0ACJ5,X
ybaP,b0482,P77301,X
ybaQ,b0483,P0A9T6,U
ybaS,b0485,P77454,X
ybaT,b0486,P77400,X
ybaV,b0442,P0AAR8,X
ybaY,b0453,P77717,S
ybbA,b0495,P0A9T8,S
ybbB,b0503,P33667,X
ybbC,b0498,P33668,X
ybbD,b0500,P33669,X
ybbJ,b0488,P0AAS3,X
ybbN,b0492,P77395,A
ybbO,b0493,P0AFP4,S'
ybbP,b0496,P77504,X
ybbW,b0511,P75712,X
ybbY,b0513,P77328,X
ybcC,b0539,P75717,X
ybcD,b4508,P77528,X
ybcF,b0521,P37306,X
ybcH,b0567,P37325,X
ybcI,b0527,P45570,X
ybcJ,b0528,P0AAS7,R
ybcK,b0544,P77698,X
ybcL,b0545,P77368,X
ybcM,b0546,P77634,X
ybcN,b0547,Q47269,X
ybcO,b0549,P68661,X
ybcQ,b0551,Q47274,X
ybcV,b0558,P77598,X
ybcW,b0559,P64435,X
ybcY,b0562,P77460,X
ybdD,b4512,P0AAS9,X
ybdF,b0579,P0AAT2,X
ybdG,b0577,P0AAT4,R
ybdH,b0599,P45579,C'
ybdJ,b0580,P77506,X
ybdK,b0581,P77213,X
ybdL,b0600,P77806,S'
ybdM,b0601,P77174,X
ybdN,b0602,P77216,X
ybdO,b0603,P77746,X
ybdR,b0608,P77316,X
ybdZ,b4511,P18393,X
ybeD,b0631,P0A8J4,S'
ybeF,b0629,P30979,X
ybeL,b0643,P0AAT9,S
ybeM_1,b0625,P39874,X
ybeM_2,b0626,,X
ybeQ,b0644,P77234,X
ybeR,b0645,P77627,X
ybeT,b0647,P77296,X
ybeU,b0648,P77427,X
ybeX,b0658,P0AE78,R
ybeY,b0659,P0A898,A'
ybeZ,b0660,P0A9K3,A'
ybfA,b0699,P0AAU2,X
ybfB,b0702,P0AAU5,X
ybfC,b0704,P28915,X
ybfD,b0706,P28916,X
ybfE,b0685,P0AAU7,R
ybfF,b0686,P75736,S
ybfG,b0690,P37003,X
ybfH,b0691,,X
ybfK,b4590,P46121,X
ybfL,b0705,P75741,X
ybfN,b0682,P75734,X
ybfO,b0703,P77779,X
ybfP,b0689,P75737,X
ybfQ,b4514,Q2EEQ8,X
ybgA,b0707,P24252,X
ybgC,b0736,P0A8Z3,X
ybgD,b0719,P37909,X
ybgE,b0735,P0AAV0,X
ybgI,b0710,P0AFP6,S'
ybgJ,b0711,P0AAV4,X
ybgK,b0712,P75745,S
ybgL,b0713,P75746,S
ybgO,b0716,P75748,X
ybgP,b0717,P75749,X
ybgQ,b0718,P75750,X
ybgS,b0753,P0AAV6,X
ybhA,b0766,P21829,U
ybhB,b0773,P12994,S
ybhC,b0772,P46130,R
ybhD,b0768,P52696,X
ybhF,b0794,P0A9U1,A
ybhG,b0795,P75777,S
ybhH,b0769,P0AAV8,X
ybhI,b0770,P75763,X
ybhJ,b0771,P75764,X
ybhK,b0780,P75767,S
ybhL,b0786,P0AAC4,A
ybhM,b0787,P75769,X
ybhN,b0788,P75770,X
ybhP,b0790,P0AAW1,X
ybhQ,b0791,P0AAW5,X
ybhR,b0792,P0AFP9,X
ybhS,b0793,P0AFQ2,X
ybiA,b0798,P30176,X
ybiB,b0800,P30177,S
ybiC,b0801,P30178,S
ybiH,b0796,P0ACU0,S'
ybiI,b0803,P41039,X
ybiJ,b0802,P0AAX3,A
ybiO,b0808,P75783,X
ybiR,b0818,P75788,X
ybiT,b0820,P0A9U3,R
ybiU,b0821,P75791,A
ybiV,b0822,P75792,A
ybiW,b0823,P75793,X
ybiX,b0804,P75779,X
ybiY,b0824,P75794,X
ybjC,b0850,P46119,X
ybjD,b0876,P75828,X
ybjG,b0841,P75806,X
ybjH,b0843,P0AAY4,X
ybjI,b0844,P75809,A
ybjJ,b0845,P75810,X
ybjL,b0847,P60869,X
ybjM,b0848,P64439,X
ybjN,b0853,P0AAY6,R
ybjO,b0858,P0AAZ0,X
ybjP,b0865,P75818,S
ybjQ,b0866,P0A8C1,C'
ybjS,b0868,P75821,C'
ybjT,b0869,P75822,X
ybjX,b0877,P75829,R
ycaC,b0897,P21367,X
ycaD,b0898,P21503,X
ycaI,b0913,P37443,X
ycaK,b0901,P43340,S'
ycaL,b0909,P43674,X
ycaM,b0899,P75835,X
ycaN,b0900,P75836,X
ycaO,b0905,P75838,R
ycaP,b0906,P75839,X
ycaQ,b0916,P75843,X
ycaR,b0917,P0AAZ7,R
ycbF,b0944,P40876,X
ycbJ,b0919,P0AB03,X
ycbK,b0926,P0AB06,X
ycbU,b0942,P75859,X
ycbV,b0943,P75860,X
ycbX,b0947,P75863,S'
ycbZ,b0955,P75867,U
yccA,b0970,P0AAC6,X
yccE,b1001,P36661,X
yccF,b0961,P0AB12,A'
yccJ,b1003,P0AB14,X
yccM,b0992,P52636,X
yccS,b0960,P75870,X
yccT,b0964,P0A8X4,X
yccU,b0965,P75874,S
yccX,b0968,P0AB65,X
ycdU,b1029,P75910,X
ycdX,b1034,P75914,S'
ycdY,b1035,P75915,A'
ycdZ,b1036,P75916,X
yceA,b1055,P24188,R
yceB,b1063,P0AB26,S'
yceD,b1088,P0AB28,R
yceF,b1087,P0A729,S'
yceH,b1067,P29217,S'
yceI,b1056,P0A8X2,A
yceJ,b1057,P75925,X
yceK,b1050,P0AB31,X
yceM,b1068,P75931,S'
yceO,b1058,P64442,X
yceQ,b1085,P62066,X
ycfH,b1100,P0AFQ7,A'
ycfJ,b1110,P0AB35,X
ycfK,b1154,P45581,X
ycfL,b1104,P75946,X
ycfP,b1108,P0A8E1,S'
ycfT,b1115,P75955,X
ycfZ,b1121,P75961,X
ycgB,b1188,P29013,X
ycgH_1,b1169,,X
ycgH_2,b1170,,X
ycgI,b1173,P76000,X
ycgJ,b1177,P76001,X
ycgL,b1179,P0AB43,A'
ycgM,b1180,P76004,S
ycgN,b1181,P0A8L5,X
ycgR,b1194,P76010,C
ycgV,b1202,P76017,X
ycgX,b1161,P75988,X
ycgY,b1196,P76012,X
ycgZ,b1164,P75991,X
ychA,b1214,P0AGM5,X
ychE,b1242,P25743,X
ychE_1,b3217,,X
ychF,b1203,P0ABU2,U
ychG_1,b1240,P30192,X
ychG_2,b1239,,X
ychH,b1205,P0AB49,X
ychJ,b1233,P37052,X
ychN,b1219,P0AB52,S
ychO,b1220,P39165,X
ychQ,b1213,Q46755,X
ychS,b1228,P76023,X
yciA,b1253,P0A8Z0,R
yciB,b1254,P0A710,X
yciC,b1255,P21365,A'
yciE,b1257,P21363,X
yciF,b1258,P21362,X
yciG,b1259,P21361,X
yciH,b1282,P08245,R
yciI,b1251,P0AB55,S
yciK,b1271,P31808,S'
yciN,b1273,P0AB61,S'
yciO,b1267,P0AFR4,S'
yciQ,b1268,P45848,X
yciT,b1284,P76034,C'
yciU,b1248,P0A8L7,X
yciV,b1266,P77766,X
yciW,b1287,P76035,U
yciX,b4523,P58094,X
yciY,b4595,A5A613,X
yciZ,b4596,A5A614,S'
ycjD,b1289,P45736,X
ycjF,b1322,P0A8R7,S
ycjG,b1325,P51981,S
ycjM,b1309,P76041,X
ycjN,b1310,P76042,X
ycjO,b1311,P0AFR7,X
ycjP,b1312,P77716,X
ycjQ,b1313,P76043,X
ycjR,b1314,P76044,X
ycjS,b1315,P77503,X
ycjT,b1316,P77154,X
ycjU,b1317,P77366,X
ycjV,b1318,P77481,X
ycjW,b1320,P77615,C'
ycjX,b1321,P76046,S'
ycjY,b1327,P76049,X
ydaC,b1347,P33230,X
ydaE,b4526,P38394,X
ydaF,b4527,P0ACW0,X
ydaG,b1355,P76061,X
ydaN,b1342,P64423,X
ydaS,b1357,P76063,X
ydaT,b1358,P76064,X
ydaU,b1359,P76065,X
ydaV,b1360,P77546,X
ydaW,b1361,P76066,X
ydaY,b1366,P76069,X
ydbA_1,b1401,P33666,X
ydbA_2,b1405,,X
ydbC,b1406,P25906,S
ydbD,b1407,P25907,X
ydbH,b1381,P52645,X
ydbJ,b4529,P0ACW2,X
ydbK,b1378,P52647,S
ydbL,b1383,P76076,X
ydcA,b1419,P0ACW4,X
ydcC,b1460,P28917,X
ydcD,b1457,P31991,X
ydcF,b1414,P34209,S
ydcH,b1426,P0ACW6,X
ydcI,b1422,P77171,C
ydcJ,b1423,P76097,X
ydcK,b1428,P76100,X
ydcL,b1431,P64451,S
ydcM,b1432,P76102,X
ydcO,b1433,P76103,X
ydcP,b1435,P76104,X
ydcR,b1439,P77730,X
ydcS,b1440,P76108,X
ydcT,b1441,P77795,X
ydcU,b1442,P77156,X
ydcV,b1443,P0AFR9,X
ydcY,b1446,P64455,S'
ydcZ,b1447,P76111,X
yddA,b1496,P31826,X
yddB,b1495,P31827,C
yddE,b1464,P37757,X
yddG,b1473,P46136,X
yddH,b1462,P76121,X
yddJ,b1470,P76122,X
yddK,b1471,P76123,X
yddL,b1472,P77519,X
yddM,b1477,P67699,X
yddW,b1491,P64426,X
ydeA,b1528,P31122,X
ydeE,b1534,P31126,X
ydeI,b1536,P31130,X
ydeJ,b1537,P31131,X
ydeK,b1510,P32051,X
ydeM,b1497,P76134,X
ydeN,b1498,P77318,S
ydeO,b1499,P76135,X
ydeP,b1501,P77561,X
ydeQ,b1502,P77588,X
ydeR,b1503,P77294,X
ydeS,b1504,P77789,X
ydeT,b1505,P76137,X
ydeU,b1509,P77286,X
ydfA,b1571,P0ACW8,X
ydfB,b1572,P29009,X
ydfC,b1573,P21418,X
ydfD,b1576,P29010,X
ydfE,b1577,Q47138,X
ydfG,b1539,P39831,S'
ydfH,b1540,P0ACM2,A'
ydfI,b1542,P77260,X
ydfJ,b1543,P77228,X
ydfK,b1544,P76154,X
ydfN,b1547,P77515,X
ydfO,b1549,P76156,X
ydfP,b1553,P76158,X
ydfR,b1555,P76160,X
ydfT,b1559,P76161,X
ydfU,b1560,P76162,X
ydfV,b1565,P76163,X
ydfW,b1567,P76164,X
ydfX,b1568,P76165,X
ydfZ,b1541,P64463,S
ydgA,b1614,P77804,S'
ydgC,b1607,P0ACX0,X
ydgD,b1598,P76176,X
ydgH,b1604,P76177,S
ydgI,b1605,P0AAE5,X
ydgJ,b1624,P77376,X
ydgK,b1626,P76180,X
ydgU,b4601,A5A617,X
ydhB,b1659,P0ACR2,X
ydhC,b1660,P37597,X
ydhF,b1647,P76187,S
ydhI,b1643,P64471,X
ydhJ,b1644,P76185,X
ydhK,b1645,P76186,X
ydhL,b1648,P64474,X
ydhP,b1657,P77389,X
ydhQ,b1664,P77552,A
ydhR,b1667,P0ACX3,S'
ydhS,b1668,P77148,X
ydhT,b1669,P77147,X
ydhU,b1670,P77409,X
ydhV,b1673,P76192,X
ydhW,b1672,P77564,X
ydhX,b1671,P77375,X
ydhY,b1674,P0AAL6,X
ydhZ,b1675,P0ACX5,R
ydiB,b1692,P0A6D5,X
ydiE,b1705,P0ACX9,X
ydiF,b1694,P37766,X
ydiH,b1685,P64476,X
ydiJ,b1687,P77748,R
ydiK,b1688,P0AFS7,X
ydiL,b1689,P76196,X
ydiM,b1690,P76197,X
ydiN,b1691,P76198,X
ydiO,b1695,P0A9U8,X
ydiP,b1696,P77402,X
ydiQ,b1697,P76201,X
ydiR,b1698,P77378,X
ydiS,b1699,P77337,X
ydiT,b1700,P77714,X
ydiU,b1706,P77649,S'
ydiV,b1707,P76204,X
ydiY,b1722,P76206,X
ydiZ,b1724,P64479,X
ydjA,b1765,P0ACY1,S'
ydjE,b1769,P38055,X
ydjF,b1770,P77721,X
ydjG,b1771,P77256,X
ydjH,b1772,P77493,X
ydjI,b1773,P77704,X
ydjJ,b1774,P77280,X
ydjK,b1775,P76230,X
ydjL,b1776,P77539,X
ydjM,b1728,P64481,X
ydjO,b1730,P76210,X
ydjX,b1750,P76219,X
ydjY,b1751,P76220,X
ydjZ,b1752,P76221,X
yeaC,b1777,P76231,X
yeaD,b1780,P39173,A
yeaE,b1781,P76234,X
yeaG,b1783,P0ACY3,S
yeaH,b1784,P76235,X
yeaK,b1787,P64483,S'
yeaL,b1789,P0ACY6,X
yeaO,b1792,P76243,S'
yeaQ,b1795,P64485,X
yeaR,b1797,P64488,X
yeaV,b1801,P0ABD1,X
yeaW,b1802,P0ABR7,X
yeaX,b1803,P76254,X
yeaY,b1806,P0AA91,S'
yebB,b1862,P24238,X
yebC,b1864,P0A8A0,R
yebE,b1846,P33218,S'
yebF,b1847,P33219,S
yebG,b1848,P0ACY9,U
yebK,b1853,P46118,C
yebO,b1825,P64499,R
yebQ,b1828,P76269,X
yebS,b1833,P0AD03,X
yebT,b1834,P76272,A'
yebV,b1836,P64503,X
yebW,b1837,P76275,X
yebY,b1839,P64506,R
yebZ,b1840,P76278,X
yecA,b1908,P0AD05,S'
yecD,b1867,P0ADI7,S'
yecE,b1868,P37348,X
yecF,b1915,P0AD07,X
yecH,b1906,P46887,X
yecJ,b4537,P0AD10,R
yecM,b1875,P52007,A'
yecN,b1869,P64515,X
yecR,b1904,P76308,X
yecT,b1877,P76296,X
yedA,b1959,P0AA70,X
yedD,b1928,P31063,S'
yedE,b1929,P31064,C'
yedF,b1930,P0AA31,C'
yedI,b1958,P46125,X
yedJ,b1962,P46144,X
yedK,b1931,P76318,X
yedL,b1932,P76319,X
yedM,b1935,P76321,X
yedN_1,b1934,,X
yedN_2,b1933,,X
yedP,b1955,P76329,X
yedR,b1963,P76334,X
yedS_1,b1964,P76335,S'
yedS_2,b1965,,X
yedS_3,b1966,,X
yedV,b1968,P76339,X
yedW,b1969,P76340,X
yedX,b1970,P76341,X
yeeA,b2008,P33011,X
yeeD,b2012,P33014,X
yeeE,b2013,P33015,X
yeeJ,b1978,P76347,X
yeeL_1,b1980,P76349,X
yeeL_2,b1979,,X
yeeN,b1983,P0A8A2,U
yeeO,b1985,P76352,X
yeeP,b1999,P76359,X
yeeR,b2001,P76361,X
yeeS,b2002,P76362,X
yeeT,b2003,P64521,X
yeeW,b2006,P64526,X
yeeX,b2007,P0A8M6,A
yeeY,b2015,P76369,X
yeeZ,b2016,P0AD12,S'
yefM,b2017,P69346,S'
yegD,b2069,P36928,R
yegH,b2063,P76389,A
yegI,b2070,P76393,X
yegJ,b2071,P76394,X
yegK,b2072,P76395,X
yegL,b2073,P76396,X
yegP,b2080,P76402,X
yegQ,b2081,P76403,R
yegR,b2085,P76406,X
yegS,b2086,P76407,X
yegT,b2098,P76417,X
yegU,b2099,P76418,X
yegV,b2100,P76419,X
yegW,b2101,P0ACM5,X
yegX,b2102,P76421,X
yegZ,b2083,,X
yehA,b2108,P33340,X
yehB,b2109,P33341,X
yehC,b2110,P33342,X
yehD,b2111,P33343,X
yehE,b2112,P33344,X
yehI,b2118,P33346,X
yehK,b4541,P33347,X
yehL,b2119,P33348,X
yehM,b2120,P33349,X
yehP,b2121,P33352,X
yehQ,b2122,P33353,X
yehR,b2123,P33354,X
yehS,b2124,P33355,X
yehT,b2125,P0AFT5,X
yehU,b2126,P0AD14,X
yehW,b2128,P33359,X
yehX,b2129,P33360,X
yehY,b2130,P33361,X
yeiB,b2152,P25747,X
yeiE,b2157,P0ACR4,S'
yeiG,b2154,P33018,S
yeiH,b2158,P62723,X
yeiI,b2160,P33020,X
yeiL,b2163,P0A9E9,X
yeiP,b2171,P0A6N8,R
yeiQ,b2172,P33029,X
yeiR,b2173,P33030,A'
yeiS,b2145,P64536,X
yeiW,b4502,P0AFT8,X
yejA,b2177,P33913,X
yejB,b2178,P0AFU0,X
yejE,b2179,P33915,X
yejF,b2180,P33916,S
yejG,b2181,P0AD21,X
yejK,b2186,P33920,R
yejL,b2187,P0AD24,A'
yejM,b2188,P0AD27,S'
yejO,b2190,P33924,X
yfaA,b2230,P17994,X
yfaD,b2244,P37014,X
yfaE,b2236,P0ABW3,X
yfaH,b2238,P45505,X
yfaL,b2233,P45508,X
yfaP,b2225,P76462,X
yfaQ,b2226,P76463,X
yfaS_1,b2228,,X
yfaS_2,b2227,,X
yfaT,b2229,P76466,X
yfaU,b2245,P76469,X
yfaV,b2246,P76470,X
yfaW,b2247,P77215,X
yfaX,b2248,P77732,X
yfaY,b2249,P77808,S'
yfaZ,b2250,P76471,X
yfbK,b2270,P76481,X
yfbL,b2271,P76482,X
yfbM,b2272,P76483,X
yfbN,b2273,P76484,X
yfbO,b2274,P76485,X
yfbP,b2275,P76486,X
yfbR,b2291,P76491,X
yfbS,b2292,P0AFU2,X
yfbT,b2293,P77625,S
yfbU,b2294,P0A8W8,S
yfbV,b2295,P0A8D9,X
yfcA,b2327,P0AD30,X
yfcC,b2298,P39263,X
yfcD,b2299,P65556,C
yfcE,b2300,P67095,S'
yfcF,b2301,P77544,S
yfcG,b2302,P77526,X
yfcH,b2304,P77775,S'
yfcI,b2305,P77768,X
yfcJ,b2322,P77549,X
yfcL,b2325,P64540,R
yfcO,b2332,P76498,X
yfcP,b2333,P76499,X
yfcQ,b2334,P76500,X
yfcR,b2335,P76501,X
yfcS,b2336,P77599,X
yfcT,b2337,,X
yfcU,b2338,P77196,X
yfcV,b2339,P77288,X
yfcZ,b2343,P0AD33,C
yfdC,b2347,P37327,X
yfdE,b2371,P76518,X
yfdF,b2345,P76505,X
yfdG,b2350,P77682,X
yfdH,b2351,P77293,U
yfdI,b2352,P76507,U
yfdK,b2354,P77656,X
yfdL,b2355,P76508,X
yfdM,b2356,P76509,X
yfdN,b2357,P76510,X
yfdO,b2358,P0AD35,X
yfdP,b2359,P76512,X
yfdQ,b2360,P76513,X
yfdR,b2361,P76514,X
yfdS,b2362,P76515,X
yfdT,b2363,P76516,X
yfdV,b2372,P0AA49,X
yfdX,b2375,P76520,X
yfdY,b2377,P76521,X
yfeC,b2398,P0AD37,X
yfeD,b2399,P27238,X
yfeH,b2410,P39836,X
yfeK,b2419,Q47702,X
yfeN,b2408,P45564,X
yfeO,b2389,P67729,X
yfeR,b2409,P0ACR7,X
yfeS,b2420,P78271,X
yfeW,b2430,P77619,X
yfeX,b2431,P76536,S
yfeY,b2432,P76537,S'
yfeZ,b2433,P76538,X
yffB,b2471,P24178,A'
yffL,b2443,P76543,X
yffM,b2444,P76544,X
yffN,b2445,P76545,X
yffO,b2446,P76546,X
yffP,b2447,P76547,X
yffQ,b2448,P76548,X
yffR,b2449,P76549,X
yffS,b2450,P76550,S'
yfgD,b2495,P76569,S
yfgG,b2504,P64545,X
yfgH,b2505,P65290,X
yfgI,b2506,P76573,X
yfgJ,b2510,P76575,X
yfgM,b2513,P76576,C
yfgO,b2493,P0AFI9,X
yfhG,b2555,P0AD44,X
yfhH,b2561,P37767,X
yfhL,b2562,P52102,X
yfhM,b2520,P76578,S'
yfhR,b2534,P77538,X
yfiB,b2605,P07021,X
yfiC,b2575,P31825,X
yfiE,b2577,P33634,X
yfiF,b2581,P0AGJ5,A'
yfiH,b2593,P33644,S'
yfiL,b2602,P11289,X
yfiM,b2586,P46126,X
yfiP,b2583,Q47319,X
yfiR,b2603,P64548,X
yfjD,b4461,P37908,A'
yfjH,b2623,P52123,X
yfjI,b2625,P52124,X
yfjJ,b2626,P52125,X
yfjM,b2629,P52128,X
yfjP,b2632,P52131,X
yfjQ,b2633,P52132,X
yfjR,b2634,P52133,X
yfjS,b2636,O52982,X
yfjT,b2637,P52135,X
yfjU,b2638,P0CF86,X
yfjW,b2642,P52138,X
yfjX,b2643,P52139,X
yfjY,b2644,P52140,X
yfjZ,b2645,P52141,X
ygaC,b2671,P0AD53,X
ygaH,b2683,P43667,X
ygaM,b2672,P0ADQ7,X
ygaP,b2668,P55734,X
ygaQ,b4462,P76616,X
ygaU,b2665,P0ADE6,S
ygaV,b2667,P77295,S'
ygaX,b2680,,X
ygaY,b2681,P76628,X
ygaZ,b2682,P76630,X
ygbA,b2732,P25728,X
ygbE,b2749,P46141,X
ygbI,b2735,P52598,X
ygbJ,b2736,Q46888,X
ygbK,b2737,Q46889,X
ygbL,b2738,Q46890,X
ygbM,b2739,Q46891,X
ygbN,b2740,Q46892,X
ygcE,b2776,P55138,X
ygcG,b2778,P55140,X
ygcN,b2766,Q46904,X
ygcO,b2767,Q46905,X
ygcP,b2768,Q46906,X
ygcQ,b2769,Q46907,X
ygcR,b2770,Q46908,X
ygcS,b2771,Q46909,X
ygcU,b4463,Q46911,X
ygcW,b2774,P76633,X
ygdB,b2824,P08370,X
ygdD,b2807,P0ADR2,X
ygdG,b2798,P38506,C'
ygdH,b2795,P0ADR8,S
ygdI,b2809,P65292,S
ygdQ,b2832,P67127,X
ygdR,b2833,P65294,S
ygdT,b4610,,X
ygeA,b2840,P03813,S
ygeF,b2850,Q46786,X
ygeG,b2851,Q46787,X
ygeH,b2852,P76639,X
ygeI,b2853,Q46789,X
ygeK,b2855,Q46791,X
ygeL,b2856,,X
ygeM,b2857,,X
ygeN,b2858,Q46793,X
ygeO,b2859,Q46795,X
ygeP,b2862,Q46796,X
ygeQ,b2863,Q46797,X
ygeR,b2865,Q46798,S
ygeV,b2869,Q46802,X
ygeW,b2870,Q46803,X
ygeX,b2871,P66899,X
ygeY,b2872,P65807,X
ygfB,b2909,P0A8C4,A'
ygfF,b2902,P52037,X
ygfI,b2921,P52044,X
ygfK,b2878,Q46811,X
ygfM,b2880,P64557,X
ygfS,b2886,Q46819,X
ygfT,b2887,Q46820,X
ygfZ,b2898,P0ADE8,S
yggC,b2928,P11664,X
yggD,b2929,P11663,X
yggE,b2922,P0ADS6,S
yggF,b2930,P21437,X
yggI,b2944,P39902,X
yggL,b2959,P38521,S
yggM,b2956,P46142,X
yggN,b2958,P0ADS9,S
yggP,b4465,P52048,X
yggR,b2950,P52052,X
yggS,b2951,P67080,R
yggT,b2952,P64564,S'
yggU,b2953,P52060,A'
yggW,b2955,P52062,X
yggX,b2962,P0A8P3,C
yghA,b3003,P0AG84,A'
yghB,b3009,P0AA60,X
yghD,b2968,Q46832,X
yghE,b2969,Q46833,X
yghF,b2970,Q46834,X
yghG,b2971,Q46835,X
yghJ,b4466,P0CK95,X
yghO,b2981,Q46840,X
yghQ,b2983,Q46841,X
yghR,b2984,P64572,X
yghS,b2985,Q46843,X
yghT,b2986,Q46844,X
yghU,b2989,Q46845,S
yghW,b2998,P64574,X
yghX_1,b2999,,X
yghX_2,b3000,,X
yghZ,b3001,Q46851,C
ygiA,b3036,Q79CP2,X
ygiB,b3037,P0ADT2,S
ygiC,b3038,P0ADT5,U
ygiD,b3039,P24197,X
ygiF,b3054,P30871,A'
ygiH,b3059,P60782,X
ygiL,b3043,P39834,X
ygiM,b3055,P0ADT8,S
ygiN,b3029,P0ADU2,S'
ygiQ,b4469,Q46861,X
ygiS,b3020,Q46863,S'
ygiV,b3023,Q46866,X
ygiW,b3024,P0ADU5,S'
ygiZ,b3027,Q46867,X
ygjH,b3074,P42589,X
ygjI,b3078,P42590,X
ygjJ,b3079,P42591,X
ygjK,b3080,P42592,X
ygjP,b3085,P42597,X
ygjQ,b3086,P42598,X
ygjR,b3087,P42599,X
ygjV,b3090,P42603,X
yhaB,b3120,P11865,X
yhaC,b3121,P11864,X
yhaH,b3103,P64590,X
yhaI,b3104,P64592,X
yhaJ,b3105,P67660,S
yhaK,b3106,P42624,X
yhaL,b3107,P42625,X
yhaM,b4470,P42626,X
yhaO,b3110,P42628,X
yhaV,b3130,P64594,X
yhbE,b3184,P0AA73,X
yhbO,b3153,P45470,X
yhbP,b3154,P67762,X
yhbQ,b3155,P45472,X
yhbS,b3156,P63417,S'
yhbT,b3157,P64599,R
yhbU,b3158,P45527,X
yhbV,b3159,P45475,X
yhbW,b3160,P0ADV5,X
yhbX,b3173,P42640,X
yhbY,b3180,P0AGK4,A'
yhcA,b3215,P28722,X
yhcB,b3233,P0ADW3,S'
yhcC,b3211,P0ADW6,X
yhcD,b3216,P45420,X
yhcF,b3219,P45422,X
yhcG,b3220,P45423,X
yhcH,b3221,P45424,X
yhcN,b3238,P64614,X
yhcO,b3239,P64616,X
yhdE,b3248,P25536,R
yhdH,b3253,P26646,S
yhdJ,b3262,P28638,X
yhdN,b3293,P36677,X
yhdP,b4472,P46474,A
yhdT,b3257,P45566,X
yhdU,b3263,P64619,X
yhdV,b3267,P64622,X
yhdW,b3268,P45766,S
yhdX,b3269,P45767,X
yhdY,b3270,P45768,X
yhdZ,b3271,P45769,X
yheO,b3346,P64624,S
yheS,b3352,P63389,R
yheT,b3353,P45524,X
yheU,b3354,P67624,X
yheV,b4551,P0ADW8,X
yhfA,b3356,P0ADX1,S
yhfG,b3362,P0ADX5,X
yhfK,b3358,P45537,X
yhfL,b3369,P64627,X
yhfS,b3376,P45545,X
yhfT,b3377,P45546,X
yhfU,b3378,P64631,X
yhfW,b3380,P45549,X
yhfX,b3381,P45550,X
yhfY,b3382,P45551,X
yhfZ,b3383,P45552,X
yhgA,b3411,P31667,X
yhgE,b3402,P45804,X
yhgF,b3407,P46837,U
yhgN,b3434,P67143,X
yhhA,b3448,P0ADX7,X
yhhH,b3483,P28911,X
yhhI,b3484,P28912,X
yhhJ,b3485,P0AGH1,X
yhhL,b3466,P37614,X
yhhM,b3467,P37615,S'
yhhN,b3468,P0ADI9,X
yhhQ,b3471,P37619,X
yhhS,b3473,P37621,X
yhhT,b3474,P0AGM0,X
yhhW,b3439,P46852,S
yhhX,b3440,P46853,A
yhhY,b3441,P46854,X
yhhZ,b3442,P46855,X
yhiD,b3508,P0AFV2,X
yhiI,b3487,P37626,S
yhiJ,b3488,P37627,X
yhiK,b3489,,X
yhiL,b3490,P37629,X
yhiM,b3491,P37630,X
yhiN,b3492,P37631,A
yhiS_1,b3504,,X
yhjA,b3518,P37197,X
yhjB,b3520,P37640,X
yhjC,b3521,P37641,X
yhjD,b3522,P37642,S
yhjE,b3523,P37643,U
yhjG,b3524,P37645,X
yhjJ,b3527,P37648,S'
yhjR,b3535,P0ADJ3,X
yhjV,b3539,P37660,X
yhjX,b3547,P37662,X
yhjY,b3548,P37663,X
yiaA,b3562,P0ADJ8,X
yiaB,b3563,P11286,X
yiaC,b3550,P37664,X
yiaD,b3552,P37665,R
yiaF,b3554,P0ADK0,S'
yiaG,b3555,P0A9V5,X
yiaJ,b3574,P37671,A'
yiaK,b3575,P37672,X
yiaL,b3576,P37673,X
yiaM,b3577,P37674,X
yiaN,b3578,P37675,X
yiaO,b3579,P37676,X
yiaT,b3584,P37681,X
yiaU,b3585,P37682,X
yiaV,b3586,P37683,X
yiaW,b3587,P0ADK4,X
yiaY,b3589,P37686,X
yibA,b3594,P0ADK6,X
yibF,b3592,P0ACA1,S
yibG,b3596,P32106,X
yibH,b3597,P0AFV0,X
yibI,b3598,P32108,X
yibJ,b3595,P32109,X
yibL,b3602,P0ADK8,R
yibN,b3611,P0AG27,R
yibQ,b3614,P37691,X
yibT,b4554,Q2M7R5,S'
yibV,b4615,A5A625,X
yicC,b3644,P23839,S'
yicG,b3646,P0AGM2,X
yicH,b3655,P31433,S'
yicI,b3656,P31434,X
yicJ,b3657,P31435,X
yicL,b3660,P31437,X
yicN,b3663,P0ADL3,X
yicR,b3638,P25531,X
yicS,b4555,Q2M7X4,X
yidA,b3697,P0A8Y5,A
yidB,b3698,P09996,X
yidC,b3705,P25714,R
yidD,b4557,P0A8C8,X
yidE,b3685,P60872,X
yidF,b3674,P31443,X
yidG,b3675,P0ADL6,X
yidH,b3676,P0ADM0,X
yidI,b3677,P31446,X
yidJ,b3678,P31447,X
yidK,b3679,P31448,X
yidL,b3680,P31449,X
yidP,b3684,P31453,X
yidQ,b3688,P0ADM4,S
yidR,b3689,P31455,S
yidX,b3696,P0ADM6,X
yidZ,b3711,P31463,X
yieE,b3712,P0ADM8,X
yieF,b3713,P0AGE6,S
yieH,b3715,P31467,X
yieK,b3718,P31470,X
yieL,b3719,P31471,X
yieP,b3755,P31475,A'
yifB,b3765,P22787,X
yifE,b3764,P0ADN2,C'
yifK,b3795,P27837,C
yifL,b4558,P0ADN6,S'
yifN,b3777,P56259,X
yifO,b3776,,X
yigA,b3810,P23305,A
yigB,b3812,P0ADP0,S
yigE,b4482,P27840,X
yigF,b3817,P27842,X
yigG,b3818,P27843,X
yigI,b3820,P0ADP2,S
yigL,b3826,P27848,A
yigM,b3827,P0ADP5,X
yigZ,b3848,P27862,X
yihA,b3865,P0A6P7,S'
yihD,b3858,P0ADP9,S
yihF,b3861,P32128,X
yihG,b3862,P32129,X
yihI,b3866,P0A8H6,R
yihL,b3872,P0ACM9,X
yihM,b3873,P32134,X
yihN,b3874,P32135,X
yihO,b3876,P32136,X
yihP,b3877,P32137,X
yihQ,b3878,P32138,X
yihR,b3879,P32139,X
yihS,b3880,P32140,X
yihT,b3881,P32141,X
yihU,b3882,P0A9V8,X
yihV,b3883,P32143,X
yihW,b3884,P32144,C'
yihX,b3885,P0A8Y3,S'
yihY,b3886,P0A8K8,X
yiiD,b3888,P0ADQ2,S
yiiE,b3889,P0ADQ5,X
yiiF,b3890,P0AFU6,X
yiiG,b3896,P32151,X
yiiM,b3910,P32157,S
yiiQ,b3920,P32160,S
yiiR,b3921,P0AF34,X
yiiS,b3922,P32162,S
yiiX,b3937,P32167,X
yijD,b3964,P0AF40,X
yijE,b3943,P0ABT8,X
yijF,b3944,P32668,X
yijO,b3954,P32677,X
yjaA,b4011,P09162,X
yjaB,b4012,P09163,X
yjaG,b3999,P32680,R
yjaH,b4001,P32681,X
yjaZ,b3989,P27375,X
yjbB,b4020,P0AF43,S'
yjbD,b4023,P32685,S
yjbE,b4026,P0AF45,X
yjbF,b4027,P32687,X
yjbG,b4028,P32688,X
yjbH,b4029,P32689,X
yjbI,b4038,P32690,X
yjbJ,b4045,P68206,X
yjbL,b4047,P32693,X
yjbM,b4048,P32694,X
yjbQ,b4056,P0AF48,S
yjbR,b4057,P0AF50,S
yjbS,b4621,P58036,X
yjbT,b4620,A5A628,X
yjcB,b4060,P32700,X
yjcE,b4065,P32703,X
yjcF,b4066,P32704,X
yjcH,b4068,P0AF54,X
yjcO,b4078,P0AF56,X
yjcS,b4083,P32717,X
yjcZ,b4110,P39267,C
yjdC,b4135,P0ACU7,S
yjdF,b4121,P39270,X
yjdI,b4126,P0AF59,X
yjdJ,b4127,P39274,X
yjdM,b4108,P0AFJ1,R
yjdN,b4107,P16681,X
yjdP,b4487,Q6BEX5,X
yjeF,b4167,P31806,S'
yjeH,b4141,P39277,X
yjeI,b4144,P0AF70,S
yjeJ,b4145,P39279,X
yjeM,b4156,P39282,X
yjeN,b4157,P39283,X
yjeO,b4158,P39284,X
yjeT,b4176,P0AF73,X
yjeV,b4670,C1P621,X
yjfC,b4186,P33222,X
yjfF,b4231,P37772,X
yjfI,b4181,P0AF76,X
yjfJ,b4182,P0AF78,X
yjfK,b4183,P39293,X
yjfL,b4184,P0AF80,X
yjfM,b4185,P39295,X
yjfN,b4188,P0AF82,X
yjfP,b4190,P39298,S
yjfY,b4199,P0AF86,X
yjfZ,b4204,P39308,X
yjgA,b4234,P0A8X0,A'
yjgH,b4248,P39332,X
yjgL,b4253,P39336,X
yjgM,b4256,P39337,X
yjgN,b4257,P39338,X
yjgR,b4263,P39342,S'
yjgW,b4274,Q9Z3A0,X
yjgX_1,b4276,P39349,X
yjgX_2,b4275,,X
yjgZ,b4277,P39351,X
yjhB,b4279,P39352,X
yjhC,b4280,P39353,S
yjhD,b4281,P39354,X
yjhE,b4282,P39355,X
yjhF,b4296,P39357,X
yjhG,b4297,P39358,X
yjhH,b4298,P39359,X
yjhI,b4299,P39360,X
yjhP,b4306,P39367,X
yjhQ,b4307,P39368,X
yjhR,b4308,P39369,X
yjhU,b4295,P39356,S
yjhV,b4286,,X
yjiA,b4352,P24203,S
yjiC,b4325,P39374,X
yjiG,b4329,P0AEH8,X
yjiH,b4330,P39379,X
yjiJ,b4332,P39381,X
yjiK,b4333,P39382,X
yjiL,b4334,P39383,X
yjiM,b4335,P39384,X
yjiN,b4336,P39385,X
yjiP,b4338,P39387,X
yjiQ,b4339,,X
yjiR,b4340,P39389,X
yjiS,b4341,P39390,X
yjiT,b4342,P39391,X
yjiV,b4486,P39393,X
yjiX,b4353,P0ADC8,X
yjiY,b4354,P39396,U
yjjA,b4360,P18390,A'
yjjB,b4363,P0ADD2,X
yjjG,b4374,P0A8Y1,X
yjjI,b4380,P37342,X
yjjJ,b4385,P39410,X
yjjP,b4364,P0ADD5,X
yjjQ,b4365,P0ADD7,X
yjjU,b4377,P39407,X
yjjV,b4378,P39408,S'
yjjW,b4379,P39409,X
yjjX,b4394,P39411,S
yjjY,b4402,P0ADD9,X
yjjZ,b4567,P55914,X
yjtD,b4403,P37005,S'
ykfA,b0253,P75678,X
ykfB,b0250,P77162,X
ykfC,b0258,Q47688,X
ykfF,b0249,P75677,X
ykfG,b0247,Q47685,X
ykfH,b4504,Q9XB42,X
ykfI,b0245,P77692,X
ykfJ,b0235,P75675,X
ykfM,b4586,A5A605,X
ykgA,b0300,P77601,X
ykgE,b0306,P77252,X
ykgF,b0307,P77536,X
ykgG,b0308,P77433,X
ykgH,b0310,P77180,X
ykgJ,b0288,P0AAL9,X
ykgL,b0295,P56257,X
ykgM,b0296,P0A7N1,X
ykgN,b4505,Q79E92,X
ykgO,b4506,Q2EEQ2,X
ykgR,b4671,C1P5Z8,X
ykiA,b0392,P75704,X
ylaC,b0458,P0AAS0,X
ylbE,b4572,P77129,X
ylbF,b0520,P0AAS5,X
ylbG,b0502,P77688,X
ylbH,b0499,P77759,X
ylcG,b4509,Q47272,X
ylcH,b4588,Q47268,X
ylcI,b4589,A5A607,X
yliI,b0837,P75804,X
ymbA,b0952,P0AB10,S'
ymcE,b0991,P0AAA5,X
ymdA,b1044,P75917,X
ymdB,b1045,P0A8D6,S
ymdE,b1028,Q7DFV4,X
ymdF,b4518,P56614,X
ymfA,b1122,P75962,X
ymfD,b1137,P75967,X
ymfE,b1138,P75968,X
ymfH,b1142,,X
ymfI,b1143,P75972,X
ymfJ,b1144,P75973,X
ymfK,b1145,P75974,C'
ymfL,b1147,P75976,X
ymfM,b1148,P75977,X
ymfN,b1149,P75978,X
ymfO,b1151,P75980,X
ymfP,b1152,P75981,R
ymfQ,b1153,P75982,X
ymfR,b1150,P75979,X
ymfS,b1155,P09154,X
ymfT,b1146,P75975,X
ymgA,b1165,P75992,X
ymgC,b1167,P75994,X
ymgD,b1171,P0AB46,U
ymgE,b1195,P76011,X
ymgF,b4520,P58034,X
ymgG,b1172,Q7DFV3,X
ymgH,b4521,,X
ymgI,b4593,A5A611,X
ymgJ,b4594,A5A612,X
ymiA,b4522,P0CB62,X
ymjA,b1295,P0ACV8,X
ymjB,b4524,,X
ymjC,b4525,Q2EER5,X
ymjD,b4673,P0CD93,X
ynaA,b1368,P77658,X
ynaE,b1375,P76073,X
ynaI,b1330,P0AEB5,X
ynaJ,b1332,P64445,X
ynaK,b1365,P76068,X
ynbA,b1408,P76090,X
ynbB,b1409,P76091,X
ynbC,b1410,P76092,X
ynbD,b1411,P76093,X
ynbE,b1382,P64448,A'
ynbG,b4674,C1P600,X
yncD,b1451,P76115,X
yncE,b1452,P76116,A
yncG,b1454,P76117,X
yncH,b1455,P76118,X
yncI,b1458,P76119,X
yncJ,b1436,P64459,X
yncK_1,b4530,,X
yncK_2,b4531,,X
yncL,b4598,A5A615,X
yncM,b1459,,X
yneE,b1520,P76146,X
yneG,b1523,P76148,X
yneH,b1524,P0A6W0,R
yneJ,b1526,P77309,X
yneK,b1527,P76150,X
yneL,b1506,P76138,X
yneM,b4599,A5A616,X
ynfA,b1582,P76169,X
ynfB,b1583,P76170,S'
ynfC,b1585,P67553,X
ynfD,b1586,P76172,S'
ynfE,b1587,P77374,X
ynfF,b1588,P77783,X
ynfG,b1589,P0AAJ1,X
ynfH,b1590,P76173,X
ynfK,b1593,P0A6E9,X
ynfL,b1595,P77559,X
ynfM,b1596,P43531,X
ynfN,b1551,P76157,X
ynfO,b4533,Q2EES0,X
ynfP,b4534,,X
ynhF,b4602,A5A618,X
yniA,b1725,P77739,S
yniB,b1726,P76208,X
yniC,b1727,P77247,A
yniD,b4535,Q2EES1,X
ynjA,b1753,P76222,X
ynjB,b1754,P76223,A
ynjC,b1755,P76224,X
ynjD,b1756,P76909,X
ynjE,b1757,P78067,C'
ynjF,b1758,P76226,X
ynjH,b1760,P76227,C
ynjI,b1762,P76228,X
yoaA,b1808,P76257,X
yoaB,b1809,P0AEB7,S
yoaC,b1810,P64490,S
yoaE,b1816,P0AEC0,X
yoaF,b1793,P64493,X
yoaG,b1796,P64496,X
yoaH,b1811,P67338,X
yoaI,b1788,P76239,X
yoaJ,b4675,C1P603,X
yoaK,b4676,C1P602,X
yobA,b1841,P0AA57,A'
yobB,b1843,P76280,X
yobD,b1820,P67601,U
yobF,b1824,P64508,X
yobH,b4536,Q2MB16,X
yobI,b4677,C1P604,X
yodB,b1974,P76345,X
yodC,b1957,P64517,X
yodD,b1953,P64519,X
yoeA,b1995,P76356,X
yoeB,b4539,P69348,X
yoeE,b1998,,X
yoeF,b4538,Q2EES3,X
yoeI,b4678,C1P606,X
yohC,b2135,P0AD17,X
yohD,b2136,P33366,X
yohF,b2137,P33368,X
yohH,b2139,,X
yohJ,b2141,P60632,X
yohK,b2142,P0AD19,X
yohO,b4542,Q2EES6,X
yohP,b4679,C1P609,X
yojI,b2211,P33941,A'
yojO,b4604,A5A619,X
ypaB,b4605,,X
ypdA,b2380,P0AA93,X
ypdB,b2381,P0AE39,S
ypdC,b2382,P77396,X
ypdE,b2384,P77585,X
ypdF,b2385,P76524,X
ypdI,b2376,O32528,X
ypdJ,b4545,Q2EET0,X
ypdK,b4680,C1P610,X
ypeA,b2434,P76539,S'
ypeB,b4546,P0AD40,X
ypeC,b2390,P64542,X
ypfG,b2466,P76559,X
ypfH,b2473,P76561,S'
ypfJ,b2475,P64429,S'
ypfM,b4606,A5A621,X
ypfN,b4547,Q2EET2,X
yphA,b2543,P0AD47,X
yphB,b2544,P76584,X
yphC,b2545,P77360,X
yphD,b2546,P77315,X
yphE,b2547,P77509,X
yphF,b2548,P77269,X
yphG,b2549,P76585,X
yphH,b2550,P76586,U
ypjA,b2647,P52143,X
ypjB,b2649,P76612,X
ypjC,b2650,P76613,X
ypjD,b2611,P64432,X
ypjF,b2646,Q46953,X
ypjJ,b4548,P58033,X
ypjK,b2635,P52134,X
ypjM_1,b2641,,X
ypjM_2,b2640,,X
ypjM_3,b2639,,X
yqaA,b2689,P0ADR0,X
yqaB,b2690,P77475,U
yqaE,b2666,P0AE42,X
yqcA,b2790,P65367,S
yqcC,b2792,Q46919,U
yqcE,b2775,P77031,X
yqcG,b4682,C1P612,X
yqeA,b2874,Q46807,X
yqeB,b2875,Q46808,X
yqeC,b2876,Q46809,X
yqeF,b2844,Q46939,C
yqeG,b2845,P63340,X
yqeH,b2846,Q46941,X
yqeI,b2847,Q46942,X
yqeJ,b2848,Q46943,X
yqeK,b2849,P77136,X
yqeL,b4683,C1P613,X
yqfA,b2899,P67153,X
yqfB,b2900,P67603,S'
yqfE,b2915,P64562,X
yqfG,b4684,C1P614,X
yqgA,b2966,Q46831,X
yqgB,b2939,P64567,X
yqgC,b2940,P64570,X
yqgD,b2941,P46879,X
yqgE,b2948,P0A8W5,R
yqgF,b2949,P0A8I1,A'
yqhA,b3002,P67244,S'
yqhC,b3010,Q46855,X
yqhD,b3011,Q46856,A
yqhG,b3013,Q46858,X
yqhH,b3014,P65298,X
yqiA,b3031,P0A8Z7,S
yqiB,b3033,P0ADU7,X
yqiC,b3042,Q46868,A'
yqiG,b3046,P76655,X
yqiH,b3047,P77616,X
yqiI,b3048,P76656,X
yqiJ,b3050,P76657,X
yqiK,b3051,P77306,X
yqjA,b3095,P0AA63,X
yqjC,b3097,P42616,X
yqjD,b3098,P64581,S
yqjE,b3099,P64585,X
yqjF,b3101,P42619,X
yqjG,b3102,P42620,X
yqjH,b3070,Q46871,U
yqjI,b3071,P64588,R
yqjK,b3100,Q47710,S
yraH,b3142,P42913,X
yraI,b3143,P42914,X
yraJ,b3144,P42915,X
yraK,b3145,P43319,X
yraN,b3148,P45465,X
yraP,b3150,P64596,S'
yraQ,b3151,P45468,S'
yraR,b3152,P45469,S
yrbG,b3196,P45394,X
yrbL,b3207,P64610,X
yrbN,b4685,C1P618,X
yrdA,b3279,P0A9W9,A'
yrdB,b3280,P45795,X
yrdD,b3283,P45771,X
yrfF,b3398,P45800,S'
yrfG,b3399,P64636,U
yrhA,b3443,P46856,X
yrhB,b3446,P46857,X
yrhD,b4612,P58037,X
ysaA,b3573,P56256,X
ysaB,b4553,Q2M7M3,X
ysgA,b3830,P56262,S
yshB,b4686,C1P620,X
ytcA,b4622,A5A630,X
ytfA,b4205,P39309,X
ytfB,b4206,P39310,S'
ytfE,b4209,P69506,X
ytfF,b4210,P39314,X
ytfH,b4212,P0ACN2,X
ytfI,b4215,P39317,X
ytfJ,b4216,P39187,X
ytfK,b4217,P0ADE2,X
ytfL,b4218,P0AE45,X
ytfP,b4222,P0AE48,A'
ytfQ,b4227,P39325,S'
ytfR,b4485,Q6BEX0,X
ytfT,b4230,P39328,X
ythA,b4655,A8DYQ1,X
ytjA,b4568,Q2M5U1,X
ytjB,b4387,P0AGC7,X
ytjC,b4395,P0A7A2,C'
yzcX,b3808,,X
yzfA,b4223,,X
yzgL,b3427,P76692,X
zapA,b2910,P0ADS2,S'
zapB,b3928,P0AF36,A'
zapC,b0946,P75862,X
zapD,b0102,P36680,R
zapE,b3232,P64612,S
zinT,b1973,P76344,A
zipA,b2412,P77173,C'
zitB,b0752,P75757,X
zntA,b3469,P37617,X
zntR,b3292,P0ACS5,X
znuA,b1857,P39172,R
znuB,b1859,P39832,X
znuC,b1858,P0A9X1,C'
zraP,b4002,P0AAA9,X
zraR,b4004,P14375,X
zraS,b4003,P14377,X
zupT,b3040,P0A8H3,X
zur,b4046,P0AC51,S'
zwf,b1852,P0AC53,A'